Category,Name,Price,Rating,Reviews,URL
Sports,480ml Vacuum Thermos Keep Warm Keep Cold Water Bottle LCD Temperature Display Stainless Steel Double Wall Insulated Cup,US$6.49,N/A,0,https://www.banggood.com/480ml-Vacuum-Thermos-Keep-Warm-Keep-Cold-Water-Bottle-LCD-Temperature-Display-Stainless-Steel-Double-Wall-Insulated-Cup-p-1975323.html?rmmds=SportsFlashDeals&cur_warehouse=CN&ID=6287832
Sports,TENGOO Outdoors Mesh Material Breathable Anti-slip Lightweight Sport shoes Air shoes for Running Basketball Workout Gym,US$24.99,N/A,0,https://www.banggood.com/TENGOO-Outdoors-Mesh-Material-Breathable-Anti-slip-Lightweight-Sport-shoes-Air-shoes-for-Running-Basketball-Workout-Gym-p-2008143.html?rmmds=SportsFlashDeals&cur_warehouse=CN&ID=62878586290768
Sports,LAOTIE Round Brake Pad Electric Scooter Front Rear Scooter Disc Brake Pad Repair Tool Electric Scooter For LAOTIE ES10  ES18 Lite  L8S pro ES18 ES18P,US$4.99,N/A,0,https://www.banggood.com/LAOTIE-Round-Brake-Pad-Electric-Scooter-Front-Rear-Scooter-Disc-Brake-Pad-Repair-Tool-Electric-Scooter-For-LAOTIE-ES10-ES18-Lite-L8S-pro-ES18-ES18P-p-1962505.html?rmmds=SportsFlashDeals&cur_warehouse=CN&ID=0
Sports,TENGOO Winter Outdoor Sports Cycling Gloves Windproof Waterproof Fleece Cold-Proof Ski Finger Touchscreen Non-Slip Motorcycle Gloves,US$7.29,N/A,0,https://www.banggood.com/TENGOO-Winter-Outdoor-Sports-Cycling-Gloves-Windproof-Waterproof-Fleece-Cold-Proof-Ski-Finger-Touchscreen-Non-Slip-Motorcycle-Gloves-p-2026532.html?rmmds=SportsFlashDeals&cur_warehouse=CN&ID=6287638
Sports,Bijia Portable Little Paul 10x25mm Binoculars High-power HD Low-light Night Vision Concert Watching Bird BAK4 FMC Telescope,US$25.70,N/A,0,https://www.banggood.com/Bijia-Portable-Little-Paul-10x25mm-Binoculars-High-power-HD-Low-light-Night-Vision-Concert-Watching-Bird-BAK4-FMC-Telescope-p-2036431.html?rmmds=SportsFlashDeals&cur_warehouse=CN&ID=6287830
Sports,IPRee Solar Camp Light Charging Decoration Atmosphere Light LED Desk Lamp Outdoor Camping Bar Light Table Light Lantern Home Decor,US$14.40,N/A,0,https://www.banggood.com/IPRee-Solar-Camp-Light-Charging-Decoration-Atmosphere-Light-LED-Desk-Lamp-Outdoor-Camping-Bar-Light-Table-Light-Lantern-Home-Decor-p-2040091.html?rmmds=SportsFlashDeals&cur_warehouse=CN&ID=6287830
Sports,IPRee 12V 10W Waterproof Solar Panel Kit Efficient Power Supply for Cars and Motorcycles for Camping and Outdoor,US$26.80,N/A,0,https://www.banggood.com/IPRee-12V-10W-Waterproof-Solar-Panel-Kit-Efficient-Power-Supply-for-Cars-and-Motorcycles-for-Camping-and-Outdoor-p-2038796.html?rmmds=SportsFlashDeals&cur_warehouse=CN&ID=523605
Sports,LAOTIE B06 B08 5000Lm Brightness Bike Headlight 8 LED Large Beads Dual Distance Beam Design 10000mAh Battery Phone Emergency Power Bank IPX5 Waterproof 4 Light Modes Fast Charge Bicycle Digital Display Front Light for Electric Bike Scooter MTB Bikes,US$20.99,N/A,0,https://www.banggood.com/LAOTIE-B06-B08-5000Lm-Brightness-Bike-Headlight-8-LED-Large-Beads-Dual-Distance-Beam-Design-10000mAh-Battery-Phone-Emergency-Power-Bank-IPX5-Waterproof-4-Light-Modes-Fast-Charge-Bicycle-Digital-Display-Front-Light-for-Electric-Bike-Scooter-MTB-Bikes-p-2023549.html?rmmds=SportsFlashDeals&cur_warehouse=CN&ID=6329636
Sports,TENGOO Summer Water Wading Shoes Unisex Outdoor Athletic Breathable Non-slip Hiking Shoes for Outdoors Fun,US$16.99,N/A,0,https://www.banggood.com/TENGOO-Summer-Water-Wading-Shoes-Unisex-Outdoor-Athletic-Breathable-Non-slip-Hiking-Shoes-for-Outdoors-Fun-p-2010421.html?rmmds=SportsFlashDeals&cur_warehouse=CN&ID=474406287830
Sports,6 Blade Fireplace Fan Heat Powered Wood Burn Fan No Electricity Oven Fan for Stove/Log Burner/Fireplace Eco Friendly Fan,US$19.99,N/A,0,https://www.banggood.com/6-Blade-Fireplace-Fan-Heat-Powered-Wood-Burn-Fan-No-Electricity-Oven-Fan-for-Stove-or-Log-Burner-or-Fireplace-Eco-Friendly-Fan-p-2020406.html?rmmds=SportsFlashDeals&cur_warehouse=CN&ID=510655
Sports,TENGOO Outdoors Mesh Material Breathable Anti-slip Lightweight Casual Sport shoes for Running Basketball Workout Gym,US$13.99,N/A,0,https://www.banggood.com/TENGOO-Outdoors-Mesh-Material-Breathable-Anti-slip-Lightweight-Casual-Sport-shoes-for-Running-Basketball-Workout-Gym-p-2010445.html?rmmds=SportsFlashDeals&cur_warehouse=CN&ID=5655086314279
Sports,ANGWATT Round Brake Pad For ANGWATT CS1 ANGWATT F1 NEW ANGWATT CS1 2025 Electric Scooter Front Rear Scooter Disc Brake Pad Repair Tool Electric Scooter For ANGWATT CS1 ANGWATT F1 NEW,US$4.38,N/A,0,https://www.banggood.com/ANGWATT-Round-Brake-Pad-For-ANGWATT-CS1-ANGWATT-F1-NEW-ANGWATT-CS1-2025-Electric-Scooter-Front-Rear-Scooter-Disc-Brake-Pad-Repair-Tool-Electric-Scooter-For-ANGWATT-CS1-ANGWATT-F1-NEW-p-2020006.html?rmmds=SportsFlashDeals&cur_warehouse=CN&ID=0
Sports,"TENGOO HV-13 Electric Heated Vest - 13 Heating Areas Loose Fit for Unisex, USB Chargeable & Waterproof for Winter Outdoors",US$23.99,N/A,0,"https://www.banggood.com/TENGOO-HV-13-Electric-Heated-Vest-13-Heating-Areas-Loose-Fit-for-Unisex,USB-Chargeable-and-Waterproof-for-Winter-Outdoors-p-2021103.html?rmmds=SportsFlashDeals&cur_warehouse=CN&ID=6287620"
Sports,GTMedia V8 Finder Pro 2 Celestial Planet Finder Digital Tracker Handheld Combo Meter Support DVB S2 T2 Cable Signal Finder,US$88.99,N/A,0,https://www.banggood.com/GTMedia-V8-Finder-Pro-2-Celestial-Planet-Finder-Digital-Tracker-Handheld-Combo-Meter-Support-DVB-S2-T2-Cable-Signal-Finder-p-2029610.html?rmmds=SportsFlashDeals&cur_warehouse=CN&ID=6296615
Sports,SEEKNITE USB Rechargeable LED Camping Lantern with Magnetic Base and Multi-Source COB Work/Repair Light for Outdoor Use,US$22.99,N/A,0,https://www.banggood.com/SEEKNITE-USB-Rechargeable-LED-Camping-Lantern-with-Magnetic-Base-and-Multi-Source-COB-Work-or-Repair-Light-for-Outdoor-Use-p-2033044.html?rmmds=SportsFlashDeals&cur_warehouse=CN&ID=6287830
Sports,5V 15W USB Solar Chargers with 5 Folding Solar Panel Portable Solar Cell Waterproof Solar Battery Chargers Power Bank,US$27.89,N/A,0,https://www.banggood.com/5V-15W-USB-Solar-Chargers-with-5-Folding-Solar-Panel-Portable-Solar-Cell-Waterproof-Solar-Battery-Chargers-Power-Bank-p-1985263.html?rmmds=SportsFlashDeals&cur_warehouse=CN&ID=0
Sports,ROCKBROS Magnetic Bicycle Taillight Smart Brake Light 7 Lighting Modes IPX6 Waterproof USB Rechargeable LED Bicycle Rear Light for Night Riding,US$12.99,N/A,0,https://www.banggood.com/ROCKBROS-Magnetic-Bicycle-Taillight-Smart-Brake-Light-7-Lighting-Modes-IPX6-Waterproof-USB-Rechargeable-LED-Bicycle-Rear-Light-for-Night-Riding-p-2029377.html?rmmds=SportsFlashDeals&cur_warehouse=CN&ID=6287830
Sports,Xiaolang Smart Electric Water Dispenser Portable Automatic Water Pump for Household use Small Water fold Drinkware Kitchen,US$10.99,N/A,0,https://www.banggood.com/Xiaolang-Smart-Electric-Water-Dispenser-Portable-Automatic-Water-Pump-for-Household-use-Small-Water-fold-Drinkware-Kitchen-p-2027516.html?rmmds=SportsFlashDeals&cur_warehouse=CN&ID=6330588
Sports,TENGOO Men Sneakers Ultralight Soft Breathable Bouncy Shock Absorption Running Sports Shoes,US$23.99,N/A,0,https://www.banggood.com/TENGOO-Men-Sneakers-Ultralight-Soft-Breathable-Bouncy-Shock-Absorption-Running-Sports-Shoes-p-2010473.html?rmmds=SportsFlashDeals&cur_warehouse=CN&ID=5655066320015
Sports,ANGWATT Brake Pad For ANGWATT T1 3.0 ANGWATT T1 2.0 ANGWATT C1 2.0 ANGWATT C1 MAX ANGWATT CS1 PRO ANGWATT X1 X1 2.0,US$4.38,N/A,0,https://www.banggood.com/ANGWATT-Brake-Pad-For-ANGWATT-T1-3_0-ANGWATT-T1-2_0-ANGWATT-C1-2_0-ANGWATT-C1-MAX-ANGWATT-CS1-PRO-ANGWATT-X1-X1-2_0-p-2021148.html?rmmds=SportsFlashDeals&cur_warehouse=CN&ID=0
Sports,TENGOO 1Pair Electric Heated Insoles Croppable Thermal Comfortable USB Rechargeable Insoles for Winter Outdoor Skiing,US$7.49,N/A,0,https://www.banggood.com/TENGOO-1Pair-Electric-Heated-Insoles-Croppable-Thermal-Comfortable-USB-Rechargeable-Insoles-for-Winter-Outdoor-Skiing-p-1999094.html?rmmds=SportsFlashDeals&cur_warehouse=CN&ID=0
Sports,"IPRee USB Lens Heater Warmer Strip with 3 Heat Settings Temperature Regulator for Camera Lens Dew Removing, Lens Heater for Outdoor Telescope Eyepieces Protection",US$6.99,N/A,0,"https://www.banggood.com/IPRee-USB-Lens-Heater-Warmer-Strip-with-3-Heat-Settings-Temperature-Regulator-for-Camera-Lens-Dew-Removing,Lens-Heater-for-Outdoor-Telescope-Eyepieces-Protection-p-2025988.html?rmmds=SportsFlashDeals&cur_warehouse=CN&ID=6286072"
Sports,Outdoor Camping Lantern Portable Charging LED Searchlight Tent Magnetic Attraction with Hook Flashlight Outage Emergency Work Light,US$10.07,N/A,0,https://www.banggood.com/Outdoor-Camping-Lantern-Portable-Charging-LED-Searchlight-Tent-Magnetic-Attraction-with-Hook-Flashlight-Outage-Emergency-Work-Light-p-2042172.html?rmmds=SportsFlashDeals&cur_warehouse=CN&ID=6287837
Sports,1000W Solar Panel 12V Solar Cell 20A Controller Solar Plate Kit For Phone RV Car Caravan Home Camping Outdoor Battery,US$30.87,N/A,0,https://www.banggood.com/1000W-Solar-Panel-12V-Solar-Cell-20A-Controller-Solar-Plate-Kit-For-Phone-RV-Car-Caravan-Home-Camping-Outdoor-Battery-p-2014664.html?rmmds=SportsFlashDeals&cur_warehouse=CN&ID=6326423
Sports,Baseus Phone Holder 5.7,US$7.99,N/A,0,https://www.banggood.com/Baseus-Phone-Holder-5_7-inch-7_2-inch-Adjustable-Phone-Clip-Stand-Shockproof-Portable-Bike-Holder-Phone-Bracket-for-Motorcycle-Bicycle-p-2013441.html?rmmds=SportsFlashDeals&cur_warehouse=CN&ID=0
Sports,ROCKBROS 3.5L Lightweight Bike Saddle Bag Compact Size Capacity Portable Handbag Multifunction Cycling Bag Bicycle Accessories,US$7.99,N/A,0,https://www.banggood.com/ROCKBROS-3_5L-Lightweight-Bike-Saddle-Bag-Compact-Size-Capacity-Portable-Handbag-Multifunction-Cycling-Bag-Bicycle-Accessories-p-2023788.html?rmmds=SportsFlashDeals&cur_warehouse=CN&ID=6287941
Sports,"TENGOO HZ-23 23 Zones Heated Jacket - Four-control, USB & DC Port, Smart Thermal Warm Jacket Uniex Heated Hooded Coat Outdoor Sportswear",US$34.99,N/A,0,"https://www.banggood.com/TENGOO-HZ-23-23-Zones-Heated-Jacket-Four-control,USB-and-DC-Port,Smart-Thermal-Warm-Jacket-Uniex-Heated-Hooded-Coat-Outdoor-Sportswear-p-2040560.html?rmmds=SportsFlashDeals&cur_warehouse=CN&ID=6287638"
Sports,"IPRee Multi-Functional Claw Hammer Sheep Horn Hammer, Convenient Camping Combination Small Tool, Stainless Steel Pliers  for Outdoor and DIY Use",US$15.99,N/A,0,"https://www.banggood.com/IPRee-Multi-Functional-Claw-Hammer-Sheep-Horn-Hammer,Convenient-Camping-Combination-Small-Tool,Stainless-Steel-Pliers-for-Outdoor-and-DIY-Use-p-2043289.html?rmmds=SportsFlashDeals&cur_warehouse=CN&ID=6287830"
Sports,TENGOO HV-02 Unisex 2 Zone Heating Vest 3-Gears Heated Jackets USB Electric Thermal Clothing Winter Warm Vest Outdoor Heat Coat Clothing,US$16.99,N/A,0,https://www.banggood.com/TENGOO-HV-02-Unisex-2-Zone-Heating-Vest-3-Gears-Heated-Jackets-USB-Electric-Thermal-Clothing-Winter-Warm-Vest-Outdoor-Heat-Coat-Clothing-p-2040359.html?rmmds=SportsFlashDeals&cur_warehouse=CN&ID=6287638
Sports,IPRee 16 In 1 Multifunctional Hammer Survival Tool Folding Pocket Pliers With Screwdriver Bottle Opener For Survival Camping Hunting Outdoor,US$29.40,N/A,0,https://www.banggood.com/IPRee-16-In-1-Multifunctional-Hammer-Survival-Tool-Folding-Pocket-Pliers-With-Screwdriver-Bottle-Opener-For-Survival-Camping-Hunting-Outdoor-p-2041228.html?rmmds=SportsFlashDeals&cur_warehouse=CN&ID=224
Sports,XHP70 Strong LED Headlamp Type-C USB Charging Outdoor Fishing Zoom Headlight Bike Running Search Head Lamp,US$10.37,N/A,0,https://www.banggood.com/XHP70-Strong-LED-Headlamp-Type-C-USB-Charging-Outdoor-Fishing-Zoom-Headlight-Bike-Running-Search-Head-Lamp-p-1992739.html?rmmds=SportsFlashDeals&cur_warehouse=CN&ID=0
Sports,TF-100 36V-60V 5 Pin LCD Electric Scooter Universal Display For YUNLI JINGBO Controller LAOTIE TI30 ES19 ANGWATT T1 C1 F1 BOYUEDA KUGOO KUKIRIN DUOTTS TF100,US$19.99,N/A,0,https://www.banggood.com/TF-100-36V-60V-5-Pin-LCD-Electric-Scooter-Universal-Display-For-YUNLI-JINGBO-Controller-LAOTIE-TI30-ES19-ANGWATT-T1-C1-F1-BOYUEDA-KUGOO-KUKIRIN-DUOTTS-TF100-p-1998224.html?rmmds=SportsFlashDeals&cur_warehouse=CN&ID=0
Sports,"TENGOO HT-08A Women Electric Heated Trousers - 8 Heating Areas, 3 Temperature Control, Waterproof Winter Warm Thermal Leggings Pants for Outdoors",US$51.99,N/A,0,"https://www.banggood.com/TENGOO-HT-08A-Women-Electric-Heated-Trousers-8-Heating-Areas,3-Temperature-Control,Waterproof-Winter-Warm-Thermal-Leggings-Pants-for-Outdoors-p-2041894.html?rmmds=SportsFlashDeals&cur_warehouse=CN&ID=6287636"
Sports,Bikight LX200 Wave Sensor 1200mAh 270° Wide Range 350LM 5 Lighting Modes LED Headlamp USB Rechargeable Head Torch COB Outdoor Cycling Adventure Fishing Flashlight Bike Headlamp,US$7.99,N/A,0,https://www.banggood.com/Bikight-LX200-Wave-Sensor-1200mAh-270-Wide-Range-350LM-5-Lighting-Modes-LED-Headlamp-USB-Rechargeable-Head-Torch-COB-Outdoor-Cycling-Adventure-Fishing-Flashlight-Bike-Headlamp-p-1854092.html?rmmds=SportsFlashDeals&cur_warehouse=CN&ID=6321046
Sports,"IPRee Outdoor Solar Charging 2000LM Emergency Light Long 5000mAh Battery Life, USB Charging Portable And Long-Lasting Illumination For Outdoor Folding Camping Tent Lights",US$17.99,N/A,0,"https://www.banggood.com/IPRee-Outdoor-Solar-Charging-2000LM-Emergency-Light-Long-5000mAh-Battery-Life,USB-Charging-Portable-And-Long-Lasting-Illumination-For-Outdoor-Folding-Camping-Tent-Lights-p-2032566.html?rmmds=SportsFlashDeals&cur_warehouse=CN&ID=6287837"
Sports,LAOTIE 36-60V Wide Voltage Turn Signal Light Electric Scootor Taillight For Electric Scooters For ES19 TI30 T30 SR10 ES18 Lite,US$7.99,N/A,0,https://www.banggood.com/LAOTIE-36-60V-Wide-Voltage-Turn-Signal-Light-Electric-Scootor-Taillight-For-Electric-Scooters-For-ES19-TI30-T30-SR10-ES18-Lite-p-1959442.html?rmmds=SportsFlashDeals&cur_warehouse=CN&ID=0
Sports,KALOAD Dynamometer Hand Grips Electronic Grip Strengthener LED Display Intelligent Electronic Grip Meter,US$19.99,N/A,0,https://www.banggood.com/KALOAD-Dynamometer-Hand-Grips-Electronic-Grip-Strengthener-LED-Display-Intelligent-Electronic-Grip-Meter-p-2025281.html?rmmds=SportsFlashDeals&cur_warehouse=CN&ID=233
Sports,ANGWATT 60V Electric Scooter Charger For LAOTIE ES19 TI30 ES18P SR10 ANGWATT T1 X1 C1 MAX DUOTTS D88 BOYUEDA S3,US$21.91,N/A,0,https://www.banggood.com/ANGWATT-60V-Electric-Scooter-Charger-For-LAOTIE-ES19-TI30-ES18P-SR10-ANGWATT-T1-X1-C1-MAX-DUOTTS-D88-BOYUEDA-S3-p-1995392.html?rmmds=SportsFlashDeals&cur_warehouse=CN&ID=0
Sports,XIAOMI Mijia Massage Gun 3 Mini Edition Smart Dual Mode 12kg High Thrust Brushless Silent Motor Gear Memory Strength Indicator Light Ring Portable Muscle Effective Relief Massage Gun,US$49.99,N/A,0,https://www.banggood.com/XIAOMI-Mijia-Massage-Gun-3-Mini-Edition-Smart-Dual-Mode-12kg-High-Thrust-Brushless-Silent-Motor-Gear-Memory-Strength-Indicator-Light-Ring-Portable-Muscle-Effective-Relief-Massage-Gun-p-2030654.html?rmmds=SportsFlashDeals&cur_warehouse=CN&ID=6288208
Sports,ATuMan DUKA LS-P Intelligent Digital Laser Rangefinder Rechargeable Hunting Golf Distance Meter Range Finder,US$22.99,N/A,0,https://www.banggood.com/ATuMan-DUKA-LS-P-Intelligent-Digital-Laser-Rangefinder-Rechargeable-Hunting-Golf-Distance-Meter-Range-Finder-p-1515410.html?rmmds=SportsFlashDeals&cur_warehouse=CN&ID=0
Sports,Trustfire H7R 2000 Lumen Red White 4000K CRI95 Head LED Headlamp Work Light USB Rechargeable with Spotlight Floodlight LED Headlight,US$35.50,N/A,0,https://www.banggood.com/Trustfire-H7R-2000-Lumen-Red-White-4000K-CRI95-Head-LED-Headlamp-Work-Light-USB-Rechargeable-with-Spotlight-Floodlight-LED-Headlight-p-2041824.html?rmmds=SportsFlashDeals&cur_warehouse=CN&ID=6287851
Sports,[Type-C Version]MAGICSHINE RN120 V2.0 Bike Taillight 260° Visibility IPX6 Waterproof 2000m Distance Bicycle Rear Light for Night Cycling,US$19.99,N/A,0,https://www.banggood.com/Type-C-VersionMAGICSHINE-RN120-V2_0-Bike-Taillight-260-Visibility-IPX6-Waterproof-2000m-Distance-Bicycle-Rear-Light-for-Night-Cycling-p-1993805.html?rmmds=SportsFlashDeals&cur_warehouse=CN&ID=0
Sports,ANGWATT Switch Handlebar Switch Shift For ANGWATT X1 ANGWATT CS1 ANGWATT F1 NEW ANGWATT T1 2.0 ANGWATT C1 MAX ANGWATT C1 2.0,US$13.70,N/A,0,https://www.banggood.com/ANGWATT-Switch-Handlebar-Switch-Shift-For-ANGWATT-X1-ANGWATT-CS1-ANGWATT-F1-NEW-ANGWATT-T1-2_0-ANGWATT-C1-MAX-ANGWATT-C1-2_0-p-2021139.html?rmmds=SportsFlashDeals&cur_warehouse=CN&ID=6287830
Sports,IPRee 7 Meter/50 LED Solar Droplet Lights String Outdoor Waterproof Garden Lawn Paths Fencing Wedding Party Holiday Decora Solar Powered Light,US$9.99,N/A,0,https://www.banggood.com/IPRee-7-Meter-or-50-LED-Solar-Droplet-Lights-String-Outdoor-Waterproof-Garden-Lawn-Paths-Fencing-Wedding-Party-Holiday-Decora-Solar-Powered-Light-p-2041230.html?rmmds=SportsFlashDeals&cur_warehouse=CN&ID=6290428
Sports,TENGOO 1pc Winter Neck Gaiter Hat For Men And Women Camping Fleece Neck Gaiter Ski Tube Scarf Snowboard Half Face Mask Face Cover Men Women Outdoor Cold Proof Neck Winter,US$7.99,N/A,0,https://www.banggood.com/TENGOO-1pc-Winter-Neck-Gaiter-Hat-For-Men-And-Women-Camping-Fleece-Neck-Gaiter-Ski-Tube-Scarf-Snowboard-Half-Face-Mask-Face-Cover-Men-Women-Outdoor-Cold-Proof-Neck-Winter-p-2024100.html?rmmds=SportsFlashDeals&cur_warehouse=CN&ID=6290823
Sports,ANGWATT Speed Throttle For ANGWATT X1 ANGWATT CS1 ANGWATT F1 NEW ANGWATT T1 2.0 ANGWATT C1 2.0 ANGWATT C1 MAX ANGWATT T1 3.0 ANGWATT X1 2.0 ANGWATT CS1 PRO ANGWATT CS1 2025,US$13.70,N/A,0,https://www.banggood.com/ANGWATT-Speed-Throttle-For-ANGWATT-X1-ANGWATT-CS1-ANGWATT-F1-NEW-ANGWATT-T1-2_0-ANGWATT-C1-2_0-ANGWATT-C1-MAX-ANGWATT-T1-3_0-ANGWATT-X1-2_0-ANGWATT-CS1-PRO-ANGWATT-CS1-2025-p-2021141.html?rmmds=SportsFlashDeals&cur_warehouse=CN&ID=6287830
Sports,LAOTIE BM2 Universal Bike Phone Holder Four Corners Shockproof Free Rotation 4.0,US$9.99,N/A,0,https://www.banggood.com/LAOTIE-BM2-Universal-Bike-Phone-Holder-Four-Corners-Shockproof-Free-Rotation-4_0-inch-7_0-inch-Cellphone-Electric-Scooter-Motorcycle-Bicycle-Mount-for-SAMEBIKE-LAOTIE-p-2014903.html?rmmds=SportsFlashDeals&cur_warehouse=CN&ID=0
Sports,Anti-theft Lock For Electric Scooter Xiaomi Mijia Electric Scooter Electric Bike Disc Brake Lock With Steel Wire Bicycle Mountain Bike Motorcycle Disc lock Safety Theft Protect,US$4.59,N/A,0,https://www.banggood.com/Anti-theft-Lock-For-Electric-Scooter-Xiaomi-Mijia-Electric-Scooter-Electric-Bike-Disc-Brake-Lock-With-Steel-Wire-Bicycle-Mountain-Bike-Motorcycle-Disc-lock-Safety-Theft-Protect-p-1981220.html?rmmds=SportsFlashDeals&cur_warehouse=CN&ID=6287830
Sports,LAOTIE 11inch Inner Tube Electric Scooter Tires For LAOTIE TI30 ES18P ES18fdfdfd,N/A,N/A,0,https://www.banggood.com/LAOTIE-11inch-Inner-Tube-Electric-Scooter-Tires-For-LAOTIE-TI30-ES18P-ES18-p-1962315.html?rmmds=SportsFlashDeals
Sports,LAOTIE BU08 Wireless Remote Hoisting Bicycle Headlight 1530 Lumens Lifting Front Head Lamp 4000mAh USB Rechargeable Aluminum Alloy for Road MTB Mountain Bikefdfdfd,N/A,N/A,0,https://www.banggood.com/LAOTIE-BU08-Wireless-Remote-Hoisting-Bicycle-Headlight-1530-Lumens-Lifting-Front-Head-Lamp-4000mAh-USB-Rechargeable-Aluminum-Alloy-for-Road-MTB-Mountain-Bike-p-2038123.html?rmmds=SportsFlashDeals
Sports,LAOTIE Square Round Brake Pad Electric Scooter Front Rear Scooter Disc Brake Pad Repair Tool Electric Scooter For ES19 TI30 T30 SR10 BOYUEDAfdfdfd,N/A,N/A,0,https://www.banggood.com/LAOTIE-Square-Round-Brake-Pad-Electric-Scooter-Front-Rear-Scooter-Disc-Brake-Pad-Repair-Tool-Electric-Scooter-For-ES19-TI30-T30-SR10-BOYUEDA-p-1962461.html?rmmds=SportsFlashDeals
Sports,ANGWATT 10 Inch Tubeless Tire Anti-Explosion Shock Absorption Tire For ANGWATT F1 New Versionfdfdfd,N/A,N/A,0,https://www.banggood.com/ANGWATT-10-Inch-Tubeless-Tire-Anti-Explosion-Shock-Absorption-Tire-For-ANGWATT-F1-New-Version-p-2032924.html?rmmds=SportsFlashDeals
Sports,ANGWATT 140mm Disc Brake Ultra Light For ANGWATT F1 New Version ANGWATT CS1 ANGWATT X1 ANGWATT C1 2.0 ANGWATT C1 MAX ANGWATT T1 3.0fdfdfd,N/A,N/A,0,https://www.banggood.com/ANGWATT-140mm-Disc-Brake-Ultra-Light-For-ANGWATT-F1-New-Version-ANGWATT-CS1-ANGWATT-X1-ANGWATT-C1-2_0-ANGWATT-C1-MAX-ANGWATT-T1-3_0-p-2032928.html?rmmds=SportsFlashDeals
Sports,ANGWATT NFC Card For ANGWATT Instrument Suitable For ANGWATT X1 ANGWATT CS1 ANGWATT F1 NEWfdfdfd,N/A,N/A,0,https://www.banggood.com/ANGWATT-NFC-Card-For-ANGWATT-Instrument-Suitable-For-ANGWATT-X1-ANGWATT-CS1-ANGWATT-F1-NEW-p-2024787.html?rmmds=SportsFlashDeals
Sports,Astrolux® BL06 3+3 LEDs 2000LM Bike Headlight Dual Distance Beam 10000mAh Phone Power Bank Bike Light USB Rechargeable LED Handlebar Flashlight for Electric Bike Electric Scooter MTB Bicyclefdfdfd,N/A,N/A,0,https://www.banggood.com/Astrolux-BL06-3+3-LEDs-2000LM-Bike-Headlight-Dual-Distance-Beam-10000mAh-Phone-Power-Bank-Bike-Light-USB-Rechargeable-LED-Handlebar-Flashlight-for-Electric-Bike-Electric-Scooter-MTB-Bicycle-p-1975188.html?rmmds=SportsFlashDeals
Sports,Astrolux® BL03 XPG LED 1200LM Bike Headlight Support Wire Remote Switch 6000mAh High Capacity Power Bank Dual Distance Beam Bike Light USB Rechargeable LED Bicycle Handlebar Flashlight for Electric Bike Electric Scooterfdfdfd,N/A,N/A,0,https://www.banggood.com/Astrolux-BL03-XPG-LED-1200LM-Bike-Headlight-Support-Wire-Remote-Switch-6000mAh-High-Capacity-Power-Bank-Dual-Distance-Beam-Bike-Light-USB-Rechargeable-LED-Bicycle-Handlebar-Flashlight-for-Electric-Bike-Electric-Scooter-p-1901992.html?rmmds=SportsFlashDeals
Sports,Astrolux® BS06 2000Lm Brightness Bike Headlights 6 LED Large Beads 10000mAh Battery Dual Distance Beam Design IPX6 Waterproof 5 Light Modes Type-C Fast Charge Easy to Install Bicycle Front Light Flashlightfdfdfd,N/A,N/A,0,https://www.banggood.com/Astrolux-BS06-2000Lm-Brightness-Bike-Headlights-6-LED-Large-Beads-10000mAh-Battery-Dual-Distance-Beam-Design-IPX6-Waterproof-5-Light-Modes-Type-C-Fast-Charge-Easy-to-Install-Bicycle-Front-Light-Flashlight-p-2001367.html?rmmds=SportsFlashDeals
Sports,Nitecore HC75UHE 3000LM LED USB-C Rechargeable Zoomable LED Headlamp Rechargeable E-focus Adjustment Hiking/Trekking/Cycling/Camping Outdoor Work Maintenance Headlightfdfdfd,N/A,N/A,0,https://www.banggood.com/Nitecore-HC75UHE-3000LM-LED-USB-C-Rechargeable-Zoomable-LED-Headlamp-Rechargeable-E-focus-Adjustment-Hiking-or-Trekking-or-Cycling-or-Camping-Outdoor-Work-Maintenance-Headlight-p-2034038.html?rmmds=SportsFlashDeals
Sports,NITECORE UT27 PRO 800LM Dual Beam Light Headlamp With 2Pcs Battery Pack USB Rechargeable Wide Range Dual Power Headlight Spotlight for Outdoor Night Running Fishingfdfdfd,N/A,N/A,0,https://www.banggood.com/NITECORE-UT27-PRO-800LM-Dual-Beam-Light-Headlamp-With-2Pcs-Battery-Pack-USB-Rechargeable-Wide-Range-Dual-Power-Headlight-Spotlight-for-Outdoor-Night-Running-Fishing-p-2042592.html?rmmds=SportsFlashDeals
Sports,Nitecore HU2000 2000 Lumen Headlamp Compatible With External USB-C Power Sources High Output Split-Type 10 xNiteLab UHE Headlamp Flexible Power Options USB-C Recharge LED Headlight Flashlightfdfdfd,N/A,N/A,0,https://www.banggood.com/Nitecore-HU2000-2000-Lumen-Headlamp-Compatible-With-External-USB-C-Power-Sources-High-Output-Split-Type-10-xNiteLab-UHE-Headlamp-Flexible-Power-Options-USB-C-Recharge-LED-Headlight-Flashlight-p-2023227.html?rmmds=SportsFlashDeals
Electronics,SEALIGHT S2S-H7 Pair Car Front LED Headlight Car Headlamp Hi/Low Beam Super Brightness Light Bulb 6500K Cool White,US$18.99,N/A,0,https://www.banggood.com/SEALIGHT-S2S-H7-Pair-Car-Front-LED-Headlight-Car-Headlamp-Hi-or-Low-Beam-Super-Brightness-Light-Bulb-6500K-Cool-White-p-2008375.html?rmmds=AutomobilesFlashDeals&cur_warehouse=CN&ID=0
Electronics,12V/24V Car Heater Fan Fast Heat Truck/Excavator Interior Heating Auto Electric Heater Cooling Auto Windshield Defroster Defogger Demister,US$11.99,N/A,0,https://www.banggood.com/12V-or-24V-Car-Heater-Fan-Fast-Heat-Truck-or-Excavator-Interior-Heating-Auto-Electric-Heater-Cooling-Auto-Windshield-Defroster-Defogger-Demister-p-2023894.html?rmmds=AutomobilesFlashDeals&cur_warehouse=CN&ID=495546287830
Electronics,Rain Shoe Covers Waterproof Anti-Slip Rainproof Motorcycle Shoe Covers High Long Tube Waterproof Shoe Covers Non-Slip Thickened Outdoor Riding Sandproof Snowproof,US$9.99,N/A,0,https://www.banggood.com/Rain-Shoe-Covers-Waterproof-Anti-Slip-Rainproof-Motorcycle-Shoe-Covers-High-Long-Tube-Waterproof-Shoe-Covers-Non-Slip-Thickened-Outdoor-Riding-Sandproof-Snowproof-p-2013254.html?rmmds=AutomobilesFlashDeals&cur_warehouse=CN&ID=521822
Electronics,250W PD Car Charger QC3.0 Fast Charge with Digital Display Plug Car Charger Socket Flash Charge Digital Display Car Charger,US$5.99,N/A,0,https://www.banggood.com/250W-PD-Car-Charger-QC3_0-Fast-Charge-with-Digital-Display-Plug-Car-Charger-Socket-Flash-Charge-Digital-Display-Car-Charger-p-2014950.html?rmmds=AutomobilesFlashDeals&cur_warehouse=CN&ID=511646
Electronics,5 Inch Single Din Car Stereo MP5 Player 300PPI Ultra-Clear Touchscreen bluetooth Reverse Interconnection Wireless Apple CarPlay/Android Auto USB Type-C Fast Charge,US$45.99,N/A,0,https://www.banggood.com/5-Inch-Single-Din-Car-Stereo-MP5-Player-300PPI-Ultra-Clear-Touchscreen-bluetooth-Reverse-Interconnection-Wireless-Apple-CarPlay-or-Android-Auto-USB-Type-C-Fast-Charge-p-2029089.html?rmmds=AutomobilesFlashDeals&cur_warehouse=CN&ID=6287830
Electronics,2PCS Car Blind Spot Mirror 360° Adjustable HD Glass Wide Angle Rearview Frameless Round Frame Convex Blind Spot Mirror Safety Driving Wide Angle  Adjustable Clear Rearview Mirror,US$4.99,N/A,0,https://www.banggood.com/2PCS-Car-Blind-Spot-Mirror-360-Adjustable-HD-Glass-Wide-Angle-Rearview-Frameless-Round-Frame-Convex-Blind-Spot-Mirror-Safety-Driving-Wide-Angle-Adjustable-Clear-Rearview-Mirror-p-2019454.html?rmmds=AutomobilesFlashDeals&cur_warehouse=CN&ID=0
Electronics,AZDOME GS63H Pro 2CH Dash Cam 4K with Super Night Vision 24H Parking Mode With 64G Memory Card Dual Dash Cam  4K+1080P Front Rear Cameras,US$109.99,N/A,0,https://www.banggood.com/AZDOME-GS63H-Pro-2CH-Dash-Cam-4K-with-Super-Night-Vision-24H-Parking-Mode-With-64G-Memory-Card-Dual-Dash-Cam-4K+1080P-Front-Rear-Cameras-p-2016930.html?rmmds=AutomobilesFlashDeals&cur_warehouse=CN&ID=0
Electronics,4G GPS Car Locator Mini Locator Vehicle Tracker GPS Tracker Elderly/Children Car Alarm Tracking Device Multi-Scenario Locator,US$21.59,N/A,0,https://www.banggood.com/4G-GPS-Car-Locator-Mini-Locator-Vehicle-Tracker-GPS-Tracker-Elderly-or-Children-Car-Alarm-Tracking-Device-Multi-Scenario-Locator-p-2036509.html?rmmds=AutomobilesFlashDeals&cur_warehouse=CN&ID=6287830
Electronics,4000/5000/6000W Modified Sine Wave Solar Power Inverter 12/24V DC to 220V AC Voltage Converter,US$27.99,N/A,0,https://www.banggood.com/4000-or-5000-or-6000W-Modified-Sine-Wave-Solar-Power-Inverter-12-or-24V-DC-to-220V-AC-Voltage-Converter-p-1879052.html?rmmds=AutomobilesFlashDeals&cur_warehouse=CN&ID=63299736329979
Electronics,VCDS 24.7 Scanner Tool Cable OBD2 Diagnostic Multi-language HEX V2 Wesheu VCDS COM for VAG for Audi/Skoda/Volkswagen,US$17.50,N/A,0,https://www.banggood.com/VCDS-24_7-Scanner-Tool-Cable-OBD2-Diagnostic-Multi-language-HEX-V2-Wesheu-VCDS-COM-for-VAG-for-Audi-or-Skoda-or-Volkswagen-p-2027577.html?rmmds=AutomobilesFlashDeals&cur_warehouse=CN&ID=6305884
Electronics,SEALIGHT S2-H7 LED Car Front Headlight 28000LM Headlamps Hi Low Beam  6500K LED Headlights,US$16.59,N/A,0,https://www.banggood.com/SEALIGHT-S2-H7-LED-Car-Front-Headlight-28000LM-Headlamps-Hi-Low-Beam-6500K-LED-Headlights-p-2008374.html?rmmds=AutomobilesFlashDeals&cur_warehouse=CN&ID=0
Electronics,12V Car Heater Fan Car Electric Heater Fan Winter Defog With Fast Heating Heater Portable Car Heater Car Windshield Defrost Fast Heating,US$13.99,N/A,0,https://www.banggood.com/12V-Car-Heater-Fan-Car-Electric-Heater-Fan-Winter-Defog-With-Fast-Heating-Heater-Portable-Car-Heater-Car-Windshield-Defrost-Fast-Heating-p-2021671.html?rmmds=AutomobilesFlashDeals&cur_warehouse=CN&ID=6287845
Electronics,B-type Dual-hole AC to DC Adapter 1.7m Long for Diesel Heater Car Parking Accessories,US$18.99,N/A,0,https://www.banggood.com/B-type-Dual-hole-AC-to-DC-Adapter-1_7m-Long-for-Diesel-Heater-Car-Parking-Accessories-p-2024920.html?rmmds=AutomobilesFlashDeals&cur_warehouse=CN&ID=47758
Electronics,1 Din 5 Inch Car Mp5 Player Car Card Radio bluetooth Reverse Amplifier Wireless Carplay Car Stereo Car Audio DVD Player,US$41.99,N/A,0,https://www.banggood.com/1-Din-5-Inch-Car-Mp5-Player-Car-Card-Radio-bluetooth-Reverse-Amplifier-Wireless-Carplay-Car-Stereo-Car-Audio-DVD-Player-p-2029074.html?rmmds=AutomobilesFlashDeals&cur_warehouse=CN&ID=6329850
Electronics,Car Rear View Mirror Cap Cover For BMW F21 F22 F30 F32 F33 F34 F35 F36 E84 2012-2019 Carbon Fiber Look Direct Add-On M-Style,US$15.99,N/A,0,https://www.banggood.com/Car-Rear-View-Mirror-Cap-Cover-For-BMW-F21-F22-F30-F32-F33-F34-F35-F36-E84-2012-2019-Carbon-Fiber-Look-Direct-Add-On-M-Style-p-2017977.html?rmmds=AutomobilesFlashDeals&cur_warehouse=CN&ID=0
Electronics,2 Inch IPS Screen Car Dash Cam 3-Channel Driving Recorder G-sensor Loop Recording Parking Monitoring,US$29.99,N/A,0,https://www.banggood.com/2-Inch-IPS-Screen-Car-Dash-Cam-3-Channel-Driving-Recorder-G-sensor-Loop-Recording-Parking-Monitoring-p-2017590.html?rmmds=AutomobilesFlashDeals&cur_warehouse=CN&ID=6302920
Electronics,"GPS Tracker for Vehicles  Portable GPS Tracking Device,Full Global Coverage Location Tracker for Car Kids Dogs",US$14.99,N/A,0,"https://www.banggood.com/GPS-Tracker-for-Vehicles-Portable-GPS-Tracking-Device,Full-Global-Coverage-Location-Tracker-for-Car-Kids-Dogs-p-2034924.html?rmmds=AutomobilesFlashDeals&cur_warehouse=CN&ID=6287830"
Electronics,CCS1 Electric Car Charging Converter 250KW High Power Charging Adapter For Tesla Charger Adapter Charging Gun Converter,US$53.99,N/A,0,https://www.banggood.com/CCS1-Electric-Car-Charging-Converter-250KW-High-Power-Charging-Adapter-For-Tesla-Charger-Adapter-Charging-Gun-Converter-p-1999898.html?rmmds=AutomobilesFlashDeals&cur_warehouse=CN&ID=0
Electronics,Konnwei KW906 OBD2 ELM327 V1.5 Pic18F25K80 OBD 2 Bluetooth 5.0 Scanners Car Diagnostic tool Code Reader For Android/IOS,US$12.99,N/A,0,https://www.banggood.com/Konnwei-KW906-OBD2-ELM327-V1_5-Pic18F25K80-OBD-2-Bluetooth-5_0-Scanners-Car-Diagnostic-tool-Code-Reader-For-Android-or-IOS-p-2014925.html?rmmds=AutomobilesFlashDeals&cur_warehouse=CN&ID=6287842
Electronics,INFITARY 12V H4 H7 H11 COB LED Car Headlight Bulbs Super Bright Modified Auto Light F2,US$9.99,N/A,0,https://www.banggood.com/INFITARY-12V-H4-H7-H11-COB-LED-Car-Headlight-Bulbs-Super-Bright-Modified-Auto-Light-F2-p-1977403.html?rmmds=AutomobilesFlashDeals&cur_warehouse=CN&ID=517841
Electronics,HCALORY bluetooth LCD Switch & Remote Control Parking Heater Accessories for 12V 24V Universal Voltage Models,US$18.99,N/A,0,https://www.banggood.com/HCALORY-bluetooth-LCD-Switch-and-Remote-Control-Parking-Heater-Accessories-for-12V-24V-Universal-Voltage-Models-p-1979116.html?rmmds=AutomobilesFlashDeals&cur_warehouse=CN&ID=0
Electronics,OZIO 12/24V Car Lighter Charger Universal Fast Charging 66W QC3.0 USB PD20W Type-C Power Supply Socket Adapter 4in1 with LCD Display for Driver RTV SUV MPV,US$9.50,N/A,0,https://www.banggood.com/OZIO-12-or-24V-Car-Lighter-Charger-Universal-Fast-Charging-66W-QC3_0-USB-PD20W-Type-C-Power-Supply-Socket-Adapter-4in1-with-LCD-Display-for-Driver-RTV-SUV-MPV-p-2014199.html?rmmds=AutomobilesFlashDeals&cur_warehouse=CN&ID=0
Electronics,7 Inch Touch Screen Car MP5 Player With Dash Cam AHD Portable Stereo Radio Wireless Carplay Monitor Android Auto BT FM Multimedia,US$29.99,N/A,0,https://www.banggood.com/7-Inch-Touch-Screen-Car-MP5-Player-With-Dash-Cam-AHD-Portable-Stereo-Radio-Wireless-Carplay-Monitor-Android-Auto-BT-FM-Multimedia-p-2019159.html?rmmds=AutomobilesFlashDeals&cur_warehouse=CN&ID=514829
Electronics,4.3-inch Car LCD Monitor High-Resolution Display Auto-Switching AV Input for Car Screen,US$14.99,N/A,0,https://www.banggood.com/4_3-inch-Car-LCD-Monitor-High-Resolution-Display-Auto-Switching-AV-Input-for-Car-Screen-p-2038646.html?rmmds=AutomobilesFlashDeals&cur_warehouse=CN&ID=6287830
Electronics,Andeman 4000A 150PSI 11200mAh Portable Jump Starter with Air Compressor Function,US$49.99,N/A,0,https://www.banggood.com/Andeman-4000A-150PSI-11200mAh-Portable-Jump-Starter-with-Air-Compressor-Function-p-2040699.html?rmmds=AutomobilesFlashDeals&cur_warehouse=CN&ID=0
Electronics,Sunbuck AV-660BT 2000W bluetooth 5.0 Audio Power Amplifier EQ Stereo AMP Car Home 2CH AUX USB FM Radio,US$29.99,N/A,0,https://www.banggood.com/Sunbuck-AV-660BT-2000W-bluetooth-5_0-Audio-Power-Amplifier-EQ-Stereo-AMP-Car-Home-2CH-AUX-USB-FM-Radio-p-1748941.html?rmmds=AutomobilesFlashDeals&cur_warehouse=CN&ID=471846287830
Electronics,"LED Car sign,programmable LED sign, Flexible Matrix panel by Bluetooth APP, LED Display and Sign board for store, shop, bar and business areas",US$19.99,N/A,0,"https://www.banggood.com/LED-Car-sign,programmable-LED-sign,Flexible-Matrix-panel-by-Bluetooth-APP,LED-Display-and-Sign-board-for-store,shop,bar-and-business-areas-p-2031189.html?rmmds=AutomobilesFlashDeals&cur_warehouse=CN&ID=6332025"
Electronics,"2025 New Model Mini GPS Tracker,Magnetic Waterproof Covert GPS Tracker,Car Global Positioning System.Extra Long Range for Vehicles,Elderly,Kids,Pets",US$15.80,N/A,0,"https://www.banggood.com/2025-New-Model-Mini-GPS-Tracker,Magnetic-Waterproof-Covert-GPS-Tracker,Car-Global-Positioning-System_Extra-Long-Range-for-Vehicles,Elderly,Kids,Pets-p-2034124.html?rmmds=AutomobilesFlashDeals&cur_warehouse=CN&ID=6287830"
Electronics,12V / 24V 150W Car Heater portable Electric Heating Fan Automatic Windshield Dryer Defogging Demister Defroster,US$16.99,N/A,0,https://www.banggood.com/12V-or-24V-150W-Car-Heater-portable-Electric-Heating-Fan-Automatic-Windshield-Dryer-Defogging-Demister-Defroster-p-2042554.html?rmmds=AutomobilesFlashDeals&cur_warehouse=CN&ID=6335602
Electronics,Xparkle Smart RV Leveling System bluetooth Wireless Control RVS01 Real-Time Precise Leveling Measurements Advanced Wireless Camper Leveler,US$42.99,N/A,0,https://www.banggood.com/Xparkle-Smart-RV-Leveling-System-bluetooth-Wireless-Control-RVS01-Real-Time-Precise-Leveling-Measurements-Advanced-Wireless-Camper-Leveler-p-2033549.html?rmmds=AutomobilesFlashDeals&cur_warehouse=CN&ID=6287830
Electronics,4 Wheel USB Android Car Tire Pressure Alarm System 433.92MHz TPMS Wireless Transmission Auto Security Temperature Alarm System,US$32.99,N/A,0,https://www.banggood.com/4-Wheel-USB-Android-Car-Tire-Pressure-Alarm-System-433_92MHz-TPMS-Wireless-Transmission-Auto-Security-Temperature-Alarm-System-p-2035654.html?rmmds=AutomobilesFlashDeals&cur_warehouse=CN&ID=534310
Electronics,HTRC 6V 12V 24V 10A-30A Smart Repair Battery Maintainer Charger P30 Charging Charger for Car Motorcycle Boat Lead-Acid AGM Lithium LiFePo4 Battery,US$85.99,N/A,0,https://www.banggood.com/HTRC-6V-12V-24V-10A-30A-Smart-Repair-Battery-Maintainer-Charger-P30-Charging-Charger-for-Car-Motorcycle-Boat-Lead-Acid-AGM-Lithium-LiFePo4-Battery-p-2013219.html?rmmds=AutomobilesFlashDeals&cur_warehouse=CN&ID=47758
Electronics,9,US$72.99,N/A,0,https://www.banggood.com/9-inch-2-Din-1+16G-Android-8-Car-Stereo-Radio-IPS-2_5D-Touch-Screen-MP5-Player-GPS-WIFI-FM-p-2009508.html?rmmds=AutomobilesFlashDeals&cur_warehouse=CN&ID=5582556325927
Electronics,75mm/90mm 1m Heater Duct Hose Hot Cold Air Heater Ducting Aluminum Foil For Webasto Eberspacher Air Diesel Parking Heater,US$8.99,N/A,0,https://www.banggood.com/75mm-or-90mm-1m-Heater-Duct-Hose-Hot-Cold-Air-Heater-Ducting-Aluminum-Foil-For-Webasto-Eberspacher-Air-Diesel-Parking-Heater-p-2042552.html?rmmds=AutomobilesFlashDeals&cur_warehouse=CN&ID=6310924
Electronics,Premium Foldable Car Boot Organiser Large Capacity Oxford Fabric Non Slip Design Collapsible Storage Bag with Multiple Compartments Water Repellent,US$49.99,N/A,0,https://www.banggood.com/Premium-Foldable-Car-Boot-Organiser-Large-Capacity-Oxford-Fabric-Non-Slip-Design-Collapsible-Storage-Bag-with-Multiple-Compartments-Water-Repellent-p-2039934.html?rmmds=AutomobilesFlashDeals&cur_warehouse=CN&ID=224
Electronics,3-IN-1 Wireless Android14 Carplay Android Auto Adapter Upgrade Plug&Play For Youtube Netflix Dongle Wireless Car AI TV BOX,US$36.99,N/A,0,https://www.banggood.com/3-IN-1-Wireless-Android14-Carplay-Android-Auto-Adapter-Upgrade-PlugandPlay-For-Youtube-Netflix-Dongle-Wireless-Car-AI-TV-BOX-p-2037358.html?rmmds=AutomobilesFlashDeals&cur_warehouse=CN&ID=6325244
Electronics,Car Motorcycle Van 0-200Psi Digital LCD Tyre Tire Air Pump Pressure Gauge Tester,US$16.99,N/A,0,https://www.banggood.com/Car-Motorcycle-Van-0-200Psi-Digital-LCD-Tyre-Tire-Air-Pump-Pressure-Gauge-Tester-p-1978928.html?rmmds=AutomobilesFlashDeals&cur_warehouse=CN&ID=0
Electronics,Exhaust Hose Length 300mm Diameter 60mm Stainless Steel / Muffler For Air Diesel Auxiliary Heater,US$11.99,N/A,0,https://www.banggood.com/Exhaust-Hose-Length-300mm-Diameter-60mm-Stainless-Steel-or-Muffler-For-Air-Diesel-Auxiliary-Heater-p-2042934.html?rmmds=AutomobilesFlashDeals&cur_warehouse=CN&ID=6301877
Electronics,iMars 7023B 7 Inch 2 DIN Car MP5 Player Stereo Radio FM USB AUX HD bluetooth Touch Screen Support Rear Camera,US$32.99,N/A,0,https://www.banggood.com/IMars-7023B-7-Inch-2-DIN-Car-MP5-Player-Stereo-Radio-FM-USB-AUX-HD-bluetooth-Touch-Screen-Support-Rear-Camera-p-1989826.html?rmmds=AutomobilesFlashDeals&cur_warehouse=CN&ID=0
Electronics,High-Quality Portable Car Heater Fan  Fast  Efficient  Reliable - Perfect for Tech-Savvy Car Owners,US$15.99,N/A,0,https://www.banggood.com/High-Quality-Portable-Car-Heater-Fan-Fast-Efficient-Reliable-Perfect-for-Tech-Savvy-Car-Owners-p-2040547.html?rmmds=AutomobilesFlashDeals&cur_warehouse=CN&ID=6287830
Electronics,"150,000 RPM Multifunctional Mini Turbo Blower 5 Speed Gear LED Display Air Blower Handheld Car Fan Air Duster with Light",US$41.79,N/A,0,"https://www.banggood.com/150,000-RPM-Multifunctional-Mini-Turbo-Blower-5-Speed-Gear-LED-Display-Air-Blower-Handheld-Car-Fan-Air-Duster-with-Light-p-2032517.html?rmmds=AutomobilesFlashDeals&cur_warehouse=CN&ID=6287830"
Electronics,200W High Power Car Inverter Charger 12V To 110V 220V Multi-Function Converter Type-C Mobile Phone Fast Charging with Eight Output Port,US$12.99,N/A,0,https://www.banggood.com/200W-High-Power-Car-Inverter-Charger-12V-To-110V-220V-Multi-Function-Converter-Type-C-Mobile-Phone-Fast-Charging-with-Eight-Output-Port-p-2017628.html?rmmds=AutomobilesFlashDeals&cur_warehouse=CN&ID=554483
Electronics,12V-24V 60W Triple USB Car Charger Socket PD3.0 & Dual QC3.0 with Touch Switch Fast Charge Adapter Bus Trailer Boats,US$6.59,N/A,0,https://www.banggood.com/12V-24V-60W-Triple-USB-Car-Charger-Socket-PD3_0-and-Dual-QC3_0-with-Touch-Switch-Fast-Charge-Adapter-Bus-Trailer-Boats-p-1977398.html?rmmds=AutomobilesFlashDeals&cur_warehouse=CN&ID=6283720
Electronics,JDiag T300 OBD2 Scanner 2.8 Inch TFT Screen OBDII Multi-function Vehicles Automatic Vehicle Year Recognition Data Stream Recording,US$35.99,N/A,0,https://www.banggood.com/JDiag-T300-OBD2-Scanner-2_8-Inch-TFT-Screen-OBDII-Multi-function-Vehicles-Automatic-Vehicle-Year-Recognition-Data-Stream-Recording-p-2043627.html?rmmds=AutomobilesFlashDeals&cur_warehouse=CN&ID=224
Electronics,Mobile Phone Holder Navigation Specific Car Support Mount Multi Functional Advanced Anti Slip Car Dashboard Phone Stand,US$13.99,N/A,0,https://www.banggood.com/Mobile-Phone-Holder-Navigation-Specific-Car-Support-Mount-Multi-Functional-Advanced-Anti-Slip-Car-Dashboard-Phone-Stand-p-2039276.html?rmmds=AutomobilesFlashDeals&cur_warehouse=CN&ID=6287830
Electronics,Heated Seat Cushion Office USB Winter Warmer Temperature Adjustable Graphene 5V Electric Chair Pad Electric Heating Cushion Pad Chair Winter Warming 3 Layer Blanket,US$24.99,N/A,0,https://www.banggood.com/Heated-Seat-Cushion-Office-USB-Winter-Warmer-Temperature-Adjustable-Graphene-5V-Electric-Chair-Pad-Electric-Heating-Cushion-Pad-Chair-Winter-Warming-3-Layer-Blanket-p-2023732.html?rmmds=AutomobilesFlashDeals&cur_warehouse=CN&ID=6287830
Electronics,Car Seat Heater Cushion 12V24V Winter Front Single Seat Heating Pad Car Electric Heating Mat Seat Mat Heating Vest Heated Car Seat Cushion for Winter,US$28.99,N/A,0,https://www.banggood.com/Car-Seat-Heater-Cushion-12V24V-Winter-Front-Single-Seat-Heating-Pad-Car-Electric-Heating-Mat-Seat-Mat-Heating-Vest-Heated-Car-Seat-Cushion-for-Winter-p-2023743.html?rmmds=AutomobilesFlashDeals&cur_warehouse=CN&ID=6287830
Electronics,Violent Turbo Fan Brushless Electric Motor Vacuum Cleaner 4500Kpa 100000RPM Multi-Function Blowing Suction Handheld Portable,US$28.99,N/A,0,https://www.banggood.com/Violent-Turbo-Fan-Brushless-Electric-Motor-Vacuum-Cleaner-4500Kpa-100000RPM-Multi-Function-Blowing-Suction-Handheld-Portable-p-2041620.html?rmmds=AutomobilesFlashDeals&cur_warehouse=CN&ID=6287830
Electronics,Xiaomi Mijia Car Vacuum Cleaner 21kPa Suction Brushless Motor Type-C Fast Charge 2400mAh Battery 5-Stage Filtration 150mL Dust Cup Wireless Cleaning Multiple Attachmentsfdfdfd,N/A,N/A,0,https://www.banggood.com/Xiaomi-Mijia-Car-Vacuum-Cleaner-21kPa-Suction-Brushless-Motor-Type-C-Fast-Charge-2400mAh-Battery-5-Stage-Filtration-150mL-Dust-Cup-Wireless-Cleaning-Multiple-Attachments-p-2042600.html?rmmds=AutomobilesFlashDeals
Electronics,Xiaomi Mijia Cordless Electric Car Washer Sprayer Washing Machine 2 160L/h Handheld Large Water Volum Efficient Flushing High Pressure Cleaningfdfdfd,N/A,N/A,0,https://www.banggood.com/Xiaomi-Mijia-Cordless-Electric-Car-Washer-Sprayer-Washing-Machine-2-160L-or-h-Handheld-Large-Water-Volum-Efficient-Flushing-High-Pressure-Cleaning-p-2023997.html?rmmds=AutomobilesFlashDeals
Electronics,Xiaomi Mijia 150PSI Air Pump Portable Electric Air Compressor Tire Sensor Mi Inflator for Motorcycle Car Soccerfdfdfd,N/A,N/A,0,https://www.banggood.com/Xiaomi-Mijia-150PSI-Air-Pump-Portable-Electric-Air-Compressor-Tire-Sensor-Mi-Inflator-for-Motorcycle-Car-Soccer-p-1988240.html?rmmds=AutomobilesFlashDeals
Electronics,NOVSIGHT N64 Pair 6500K Car LED Headlight Bulbs H7 6000LM/Pair LED Headlamp IP68 Waterproof for Car Lighting Modificationfdfdfd,N/A,N/A,0,https://www.banggood.com/NOVSIGHT-N64-Pair-6500K-Car-LED-Headlight-Bulbs-H7-6000LM-or-Pair-LED-Headlamp-IP68-Waterproof-for-Car-Lighting-Modification-p-1993789.html?rmmds=AutomobilesFlashDeals
Electronics,NOVSIGHT A500-97 High-end Wiring Harness Model External Drive 240W 60000LM LED Car Headlightfdfdfd,N/A,N/A,0,https://www.banggood.com/NOVSIGHT-A500-97-High-end-Wiring-Harness-Model-External-Drive-240W-60000LM-LED-Car-Headlight-p-2041003.html?rmmds=AutomobilesFlashDeals
Electronics,NovSight A500-T14 H7 LED Headlight Bulbs 12000LM 6500K White Light 40W Waterproof IP68 Long-Range 99 Percent Vehicle Compatibility Plug-and-Play Mini Size Bright Car Lightsfdfdfd,N/A,N/A,0,https://www.banggood.com/NovSight-A500-T14-H7-LED-Headlight-Bulbs-12000LM-6500K-White-Light-40W-Waterproof-IP68-Long-Range-99-Percent-Vehicle-Compatibility-Plug-and-Play-Mini-Size-Bright-Car-Lights-p-2042260.html?rmmds=AutomobilesFlashDeals
Electronics,HTRC 15A/20A Smart Battery Charger Automatic Pulse Repair Charge for Lead-Acid Lithium LiFePO4 Battery Car Motorcycle Chargerfdfdfd,N/A,N/A,0,https://www.banggood.com/HTRC-15A-or-20A-Smart-Battery-Charger-Automatic-Pulse-Repair-Charge-for-Lead-Acid-Lithium-LiFePO4-Battery-Car-Motorcycle-Charger-p-2010425.html?rmmds=AutomobilesFlashDeals
Electronics,HTRC 20A P20 12V-24V Smart Battery Charger For Car Motorcycle Battery Repair Charging For Auto Moto Lead Acid AGM Lithium LiFePo4 Batteriesfdfdfd,N/A,N/A,0,https://www.banggood.com/HTRC-20A-P20-12V-24V-Smart-Battery-Charger-For-Car-Motorcycle-Battery-Repair-Charging-For-Auto-Moto-Lead-Acid-AGM-Lithium-LiFePo4-Batteries-p-1947483.html?rmmds=AutomobilesFlashDeals
Electronics,HTRC P15 12V/15A 24V/10A Car Motorcycle Battery Charger Lead-Acid Battery AGM Intelligent Repair Charger Overcurrent Protection Dual Mode Chargingfdfdfd,N/A,N/A,0,https://www.banggood.com/HTRC-P15-12V-or-15A-24V-or-10A-Car-Motorcycle-Battery-Charger-Lead-Acid-Battery-AGM-Intelligent-Repair-Charger-Overcurrent-Protection-Dual-Mode-Charging-p-2030878.html?rmmds=AutomobilesFlashDeals
Electronics,SEALIGHT X3S H7 18000 LM 6500K Cool White LED Car Headlight Modification Parts Automotive Front Lightfdfdfd,N/A,N/A,0,https://www.banggood.com/SEALIGHT-X3S-H7-18000-LM-6500K-Cool-White-LED-Car-Headlight-Modification-Parts-Automotive-Front-Light-p-1999662.html?rmmds=AutomobilesFlashDeals
Electronics,SEALIGHT Pack of 10 LED Bulbs T10 2835 Dome Light Width Lights Signal Lights 60LM Brightness Instrument Lightsfdfdfd,N/A,N/A,0,https://www.banggood.com/SEALIGHT-Pack-of-10-LED-Bulbs-T10-2835-Dome-Light-Width-Lights-Signal-Lights-60LM-Brightness-Instrument-Lights-p-1997591.html?rmmds=AutomobilesFlashDeals
Electronics,SEALIGHT S6-H7 Pair Car LED Headlight Bulbs 30W 3000LM 6500K High Power Canbus Super Bright 5530 LED Chips IP68 Waterprooffdfdfd,N/A,N/A,0,https://www.banggood.com/SEALIGHT-S6-H7-Pair-Car-LED-Headlight-Bulbs-30W-3000LM-6500K-High-Power-Canbus-Super-Bright-5530-LED-Chips-IP68-Waterproof-p-2022946.html?rmmds=AutomobilesFlashDeals
Tools,Drillpro Manual Edge Bending Cutter Woodworking Edge Cutter Trimming Tool,US$9.99,N/A,0,https://www.banggood.com/Drillpro-Manual-Edge-Bending-Cutter-Woodworking-Edge-Cutter-Trimming-Tool-p-1288822.html?rmmds=ToolsFlashDeals&cur_warehouse=CN&ID=0
Tools,FNIRSI LCR-P1 Transistor Tester Diode Triode Capacitance Meter 1.44 Inch Color Screen USB Type-C Anti-Burn Protection,US$20.99,N/A,0,https://www.banggood.com/FNIRSI-LCR-P1-Transistor-Tester-Diode-Triode-Capacitance-Meter-1_44-Inch-Color-Screen-USB-Type-C-Anti-Burn-Protection-p-2020414.html?rmmds=ToolsFlashDeals&cur_warehouse=CN&ID=6295004
Tools,2 Pack ENJOYWOOD Quick Acting T Track Hold Down Clamps with T bolts and Silder Aluminum Alloy Woodworking Clamps for Routers Drill Presses CNC Table Saws,US$12.99,N/A,0,https://www.banggood.com/2-Pack-ENJOYWOOD-Quick-Acting-T-Track-Hold-Down-Clamps-with-T-bolts-and-Silder-Aluminum-Alloy-Woodworking-Clamps-for-Routers-Drill-Presses-CNC-Table-Saws-p-1862888.html?rmmds=ToolsFlashDeals&cur_warehouse=CN&ID=6317948
Tools,FNIRSI HS-02A Smart Soldering Iron with 6 Tips High-Power 100W Adaptable to Quick Charging PD/QC Protocol Wide Temperature Range 180-842°F Featuring Adaptive Power Efficiency 0.96 IPS HD Color Screen,US$49.99,N/A,0,https://www.banggood.com/FNIRSI-HS-02A-Smart-Soldering-Iron-with-6-Tips-High-Power-100W-Adaptable-to-Quick-Charging-PD-or-QC-Protocol-Wide-Temperature-Range-180-842F-Featuring-Adaptive-Power-Efficiency-0_96-IPS-HD-Color-Screen-p-2010299.html?rmmds=ToolsFlashDeals&cur_warehouse=CN&ID=6333980
Tools,Carpenter Pencil Set with Deep Hole Marker Built-in Sharpener and Carbide Scribe Marking Tool for Woodworking Marking Mechanical Pencils with Multi-Color Refills,US$9.99,N/A,0,https://www.banggood.com/Carpenter-Pencil-Set-with-Deep-Hole-Marker-Built-in-Sharpener-and-Carbide-Scribe-Marking-Tool-for-Woodworking-Marking-Mechanical-Pencils-with-Multi-Color-Refills-p-2004087.html?rmmds=ToolsFlashDeals&cur_warehouse=CN&ID=0
Tools,TinySA ULTRA ZS407 Handheld Spectrum Analyzer 100kHz-7.3GHz High-Resolution 3.98,US$185.99,N/A,0,https://www.banggood.com/TinySA-ULTRA-ZS407-Handheld-Spectrum-Analyzer-100kHz-7_3GHz-High-Resolution-3_98-inch-IPS-TFT-LCD-Internal-LNA-Gain-USB-C-Portable-5000mAh-Battery-p-2027922.html?rmmds=ToolsFlashDeals&cur_warehouse=CN&ID=6287830
Tools,ENJOYWOOD 100pcs Pocket Hole Screw for XK4 Pocket Hole Jig,US$4.99,N/A,0,https://www.banggood.com/ENJOYWOOD-100pcs-Pocket-Hole-Screw-for-XK4-Pocket-Hole-Jig-p-1979413.html?rmmds=ToolsFlashDeals&cur_warehouse=CN&ID=6321744
Tools,Laser Engraving Blank Aluminum Sheets 86x54x021mm Smooth Surface for Business Cards Gift Cards DIY Projects,US$9.99,N/A,0,https://www.banggood.com/Laser-Engraving-Blank-Aluminum-Sheets-86x54x021mm-Smooth-Surface-for-Business-Cards-Gift-Cards-DIY-Projects-p-2043312.html?rmmds=ToolsFlashDeals&cur_warehouse=CN&ID=6287830
Tools,300/450/850/880mm Aluminum Alloy Rail Miter Bar Slider Table Saw Gauge Rod Miter Gauge Woodworking Tool,US$6.55,N/A,0,https://www.banggood.com/300-or-450-or-850-or-880mm-Aluminum-Alloy-Rail-Miter-Bar-Slider-Table-Saw-Gauge-Rod-Miter-Gauge-Woodworking-Tool-p-1414679.html?rmmds=ToolsFlashDeals&cur_warehouse=CN&ID=515969
Tools,1pc DLC Coating Milling Blade Solid Carbide Bearing Guided Trim Bit 2 Flutes Spiral Flush Trim 8MM Shank Woodworking End Mill,US$13.99,N/A,0,https://www.banggood.com/1pc-DLC-Coating-Milling-Blade-Solid-Carbide-Bearing-Guided-Trim-Bit-2-Flutes-Spiral-Flush-Trim-8MM-Shank-Woodworking-End-Mill-p-2027969.html?rmmds=ToolsFlashDeals&cur_warehouse=CN&ID=6323855
Tools,Drillpro Manual Edge Trimmer Double Edge Trimming Tools Woodworking Edge Cutter,US$6.99,N/A,0,https://www.banggood.com/Drillpro-Manual-Edge-Trimmer-Double-Edge-Trimming-Tools-Woodworking-Edge-Cutter-p-1288821.html?rmmds=ToolsFlashDeals&cur_warehouse=CN&ID=0
Tools,FNIRSI LCR-ST1 Mini Smart Tweezer LCR SMD ESR Tester Resistance Capacitance Inductance Continuity Diode Test Measurement Tools,US$21.99,N/A,0,https://www.banggood.com/FNIRSI-LCR-ST1-Mini-Smart-Tweezer-LCR-SMD-ESR-Tester-Resistance-Capacitance-Inductance-Continuity-Diode-Test-Measurement-Tools-p-2018957.html?rmmds=ToolsFlashDeals&cur_warehouse=CN&ID=46052
Tools,ENJOYWOOD 16mm/19mm/20mm/28mm MFT Table Workbench Quick Ratchet Bench Dog Hold Down Clamp Clip for 16mm/19mm/20mm/28mm Dog Holes,US$16.99,N/A,0,https://www.banggood.com/ENJOYWOOD-16mm-or-19mm-or-20mm-or-28mm-MFT-Table-Workbench-Quick-Ratchet-Bench-Dog-Hold-Down-Clamp-Clip-for-16mm-or-19mm-or-20mm-or-28mm-Dog-Holes-p-2011171.html?rmmds=ToolsFlashDeals&cur_warehouse=CN&ID=62901206317949
Tools,20M Copper Tape Snail Adhesive EMI Shielding Conductive Adhesive Foil Tape For Stained Glass Paper Circuit Electrical Repair,US$3.99,N/A,0,https://www.banggood.com/20M-Copper-Tape-Snail-Adhesive-EMI-Shielding-Conductive-Adhesive-Foil-Tape-For-Stained-Glass-Paper-Circuit-Electrical-Repair-p-1986599.html?rmmds=ToolsFlashDeals&cur_warehouse=CN&ID=6322797
Tools,Wheel Marking Gauge Woodworking Marking Scriber Kit with 10 Replacement Cutters Solid Metal Bar Wood Scribe Tool for Carpenter,US$7.99,N/A,0,https://www.banggood.com/Wheel-Marking-Gauge-Woodworking-Marking-Scriber-Kit-with-10-Replacement-Cutters-Solid-Metal-Bar-Wood-Scribe-Tool-for-Carpenter-p-1992923.html?rmmds=ToolsFlashDeals&cur_warehouse=CN&ID=6323681
Tools,Original Hugen Version 2.8 Inch NanoVNA-H Vector Network Antenna Analyzer 10KHz-1.5GHz MF HF VHF UHF With SD Card Slot V3.6 Version spectrum analyzer,US$37.99,N/A,0,https://www.banggood.com/Original-Hugen-Version-2_8-Inch-NanoVNA-H-Vector-Network-Antenna-Analyzer-10KHz-1_5GHz-MF-HF-VHF-UHF-With-SD-Card-Slot-V3_6-Version-spectrum-analyzer-p-2000205.html?rmmds=ToolsFlashDeals&cur_warehouse=CN&ID=0
Tools,Automatic Centre Punch General Automatic Punch Woodworking Metal Drill Adjustable Spring Loaded Automatic Punch Hand Tools Sets,US$4.99,N/A,0,https://www.banggood.com/Automatic-Centre-Punch-General-Automatic-Punch-Woodworking-Metal-Drill-Adjustable-Spring-Loaded-Automatic-Punch-Hand-Tools-Sets-p-1980678.html?rmmds=ToolsFlashDeals&cur_warehouse=CN&ID=6287849
Tools,RANA Z Axis Lift Height Adjuster 55mm Stroke Sheet Metal Design Laser Module Focusing Control TT-5.5S TTS-25 TTS-55 TTS-10 Engraving Machine Accessory,US$16.99,N/A,0,https://www.banggood.com/RANA-Z-Axis-Lift-Height-Adjuster-55mm-Stroke-Sheet-Metal-Design-Laser-Module-Focusing-Control-TT-5_5S-TTS-25-TTS-55-TTS-10-Engraving-Machine-Accessory-p-2040923.html?rmmds=ToolsFlashDeals&cur_warehouse=CN&ID=6287830
Tools,Wnew 450mm Aluminum Alloy Rail Miter Bar Slider Table Saw Gauge Rod Miter Gauge Woodworking Tool,US$9.99,N/A,0,https://www.banggood.com/Wnew-450mm-Aluminum-Alloy-Rail-Miter-Bar-Slider-Table-Saw-Gauge-Rod-Miter-Gauge-Woodworking-Tool-p-1978345.html?rmmds=ToolsFlashDeals&cur_warehouse=CN&ID=0
Tools,1/4,US$12.99,N/A,0,https://www.banggood.com/1-or-4-inch-8mm-Shank-Flush-Trim-Router-Bit-Solid-CNC-Carbide-Trim-Router-Bits-for-Wood-Trimming-p-2013168.html?rmmds=ToolsFlashDeals&cur_warehouse=CN&ID=6313795
Tools,HONGDUI Hooked On Wood 2pcs Folding Guide Rail Clamp HD30-GD7N Bench Dog Flip Clamps Folding Rail Clip For MFT System,US$59.59,N/A,0,https://www.banggood.com/HONGDUI-Hooked-On-Wood-2pcs-Folding-Guide-Rail-Clamp-HD30-GD7N-Bench-Dog-Flip-Clamps-Folding-Rail-Clip-For-MFT-System-p-2042383.html?rmmds=ToolsFlashDeals&cur_warehouse=CN&ID=6317948
Tools,FNIRSI LC1020E Handheld LCR Bridge Tester 100Hz to 100kHz Precision Frequency Auto Calibration Dual Parameter Display USB Type-C Accurate Capacitance Resistance Inductance Measurement Tool,US$61.99,N/A,0,https://www.banggood.com/FNIRSI-LC1020E-Handheld-LCR-Bridge-Tester-100Hz-to-100kHz-Precision-Frequency-Auto-Calibration-Dual-Parameter-Display-USB-Type-C-Accurate-Capacitance-Resistance-Inductance-Measurement-Tool-p-2038809.html?rmmds=ToolsFlashDeals&cur_warehouse=CN&ID=6295004
Tools,Single Hand F Clamp High Hardness Engineering Plastic G Style Design 50mm Maximum Opening Ideal for Woodworking and Model Aviation,US$4.99,N/A,0,https://www.banggood.com/Single-Hand-F-Clamp-High-Hardness-Engineering-Plastic-G-Style-Design-50mm-Maximum-Opening-Ideal-for-Woodworking-and-Model-Aviation-p-2006727.html?rmmds=ToolsFlashDeals&cur_warehouse=CN&ID=0
Tools,Adjustable USB Rechargeable Soldering Iron Kit with Three Tips for Home Appliance Repair Jewelry Making and DIY Projects Non-slip Grip and Storage Box,US$9.99,N/A,0,https://www.banggood.com/Adjustable-USB-Rechargeable-Soldering-Iron-Kit-with-Three-Tips-for-Home-Appliance-Repair-Jewelry-Making-and-DIY-Projects-Non-slip-Grip-and-Storage-Box-p-2028746.html?rmmds=ToolsFlashDeals&cur_warehouse=CN&ID=6292509
Tools,HONGDUI Hooked On Wood HD30 Bench Dog Set 20mm Woodworking MFT System Bench Dog Hole Clamps for MFT Tables DIY Projects,US$15.99,N/A,0,https://www.banggood.com/HONGDUI-Hooked-On-Wood-HD30-Bench-Dog-Set-20mm-Woodworking-MFT-System-Bench-Dog-Hole-Clamps-for-MFT-Tables-DIY-Projects-p-2030465.html?rmmds=ToolsFlashDeals&cur_warehouse=CN&ID=6332502
Tools,Jakemy JM-Y10 PRO Ultrasonic Cutter and Polisher 35W 40kHz Precision Cutting Dual Function Safety Design for Metal Wood Plastic Crafts,US$72.99,N/A,0,https://www.banggood.com/Jakemy-JM-Y10-PRO-Ultrasonic-Cutter-and-Polisher-35W-40kHz-Precision-Cutting-Dual-Function-Safety-Design-for-Metal-Wood-Plastic-Crafts-p-2038323.html?rmmds=ToolsFlashDeals&cur_warehouse=CN&ID=6287830
Tools,ENJOYWOOD Trimming Router Base Trimming Machine Workbench Base Adjustable Slider Aluminum Alloy 65mm to 132mm Compatibility,US$26.99,N/A,0,https://www.banggood.com/ENJOYWOOD-Trimming-Router-Base-Trimming-Machine-Workbench-Base-Adjustable-Slider-Aluminum-Alloy-65mm-to-132mm-Compatibility-p-2024655.html?rmmds=ToolsFlashDeals&cur_warehouse=CN&ID=6287842
Tools,ENJOYWOOD 2PCS/4PCS Alloy Steel Upgrade Quick Ratchet Track Saw Guide Rail Clamp MFT Clamp for MFT Table and Guide Rail System Woodworking Clamp,US$27.99,N/A,0,https://www.banggood.com/ENJOYWOOD-2PCS-or-4PCS-Alloy-Steel-Upgrade-Quick-Ratchet-Track-Saw-Guide-Rail-Clamp-MFT-Clamp-for-MFT-Table-and-Guide-Rail-System-Woodworking-Clamp-p-1894619.html?rmmds=ToolsFlashDeals&cur_warehouse=CN&ID=6317948
Tools,"DRILLPRO P30 Turbo Fan 130,000RPM 300g Peak Wind Pressure with 5000mAh Battery Various Nozzle Combinations Portable 29mm Brushless Motor High Performance",US$18.99,N/A,0,"https://www.banggood.com/DRILLPRO-P30-Turbo-Fan-130,000RPM-300g-Peak-Wind-Pressure-with-5000mAh-Battery-Various-Nozzle-Combinations-Portable-29mm-Brushless-Motor-High-Performance-p-2029958.html?rmmds=ToolsFlashDeals&cur_warehouse=CN&ID=6329932"
Tools,HONGDUI Hooked On Wood HD30-WZ06 MFT Stop For Woodworking Bench Dog MFT System,US$66.99,N/A,0,https://www.banggood.com/HONGDUI-Hooked-On-Wood-HD30-WZ06-MFT-Stop-For-Woodworking-Bench-Dog-MFT-System-p-2035436.html?rmmds=ToolsFlashDeals&cur_warehouse=CN&ID=6301877
Tools,HONGDUI Hooked On Wood HD30-WL02 Fence Dog Set Woodworking Bench Dog MFT System Bench Dog,US$32.99,N/A,0,https://www.banggood.com/HONGDUI-Hooked-On-Wood-HD30-WL02-Fence-Dog-Set-Woodworking-Bench-Dog-MFT-System-Bench-Dog-p-2035430.html?rmmds=ToolsFlashDeals&cur_warehouse=CN&ID=6317949
Tools,HONGDUI Woodworking Planing Stop 19 or 20mm Dog Hole Bench Dog Clamp Workbench Table Accessories,US$11.99,N/A,0,https://www.banggood.com/HONGDUI-Woodworking-Planing-Stop-19-or-20mm-Dog-Hole-Bench-Dog-Clamp-Workbench-Table-Accessories-p-1713210.html?rmmds=ToolsFlashDeals&cur_warehouse=CN&ID=6290119
Tools,ENJOYWOOD Signature Precision Square Right Angle Ruler 300mm Guaranteed T Speed Measurements Ruler for Measuring and Marking Woodworking Carpenters Aluminum Alloy Framing Professional Carpentry Use,US$15.99,N/A,0,https://www.banggood.com/ENJOYWOOD-Signature-Precision-Square-Right-Angle-Ruler-300mm-Guaranteed-T-Speed-Measurements-Ruler-for-Measuring-and-Marking-Woodworking-Carpenters-Aluminum-Alloy-Framing-Professional-Carpentry-Use-p-1862881.html?rmmds=ToolsFlashDeals&cur_warehouse=CN&ID=6298683
Tools,ENJOYWOOD Woodworking Chamfer Tool T10 Alloy Blade Stainless Steel 9mm Hex Shank for 19mm/20mm Dog Holes Polished Finish for Electric Drills,US$8.99,N/A,0,https://www.banggood.com/ENJOYWOOD-Woodworking-Chamfer-Tool-T10-Alloy-Blade-Stainless-Steel-9mm-Hex-Shank-for-19mm-or-20mm-Dog-Holes-Polished-Finish-for-Electric-Drills-p-2019914.html?rmmds=ToolsFlashDeals&cur_warehouse=CN&ID=6290119
Tools,HONGDUI Hooked On Wood HD38 TrueMark Ruler HD38V Adjustable TrueMark Ruler Hadfield Steel Woodworking Scriber,US$79.99,N/A,0,https://www.banggood.com/HONGDUI-Hooked-On-Wood-HD38-TrueMark-Ruler-HD38V-Adjustable-TrueMark-Ruler-Hadfield-Steel-Woodworking-Scriber-p-2043353.html?rmmds=ToolsFlashDeals&cur_warehouse=CN&ID=6289774
Tools,ENJOYWOOD One Way Bearing Roller Feeder Clear Cut Precision Stock Guides Featherboards Safety Feeding for Table Saw Router Table,US$22.99,N/A,0,https://www.banggood.com/ENJOYWOOD-One-Way-Bearing-Roller-Feeder-Clear-Cut-Precision-Stock-Guides-Featherboards-Safety-Feeding-for-Table-Saw-Router-Table-p-2020038.html?rmmds=ToolsFlashDeals&cur_warehouse=CN&ID=6301877
Tools,Drillpro Machinist Square 90º Right Angle Engineer Carpenter Square with Seat Precision Ground Steel Hardened Angle Ruler,US$4.99,N/A,0,https://www.banggood.com/Drillpro-Machinist-Square-90-Right-Angle-Engineer-Carpenter-Square-with-Seat-Precision-Ground-Steel-Hardened-Angle-Ruler-p-1421084.html?rmmds=ToolsFlashDeals&cur_warehouse=CN&ID=6296757
Tools,For 65mm Trimming Machine 2 In 1 Slotted Bracket Invisible Fasteners Wardrobe Cupboard Panel Punch Locator Aluminum with Scale,US$12.99,N/A,0,https://www.banggood.com/For-65mm-Trimming-Machine-2-In-1-Slotted-Bracket-Invisible-Fasteners-Wardrobe-Cupboard-Panel-Punch-Locator-Aluminum-with-Scale-p-1996465.html?rmmds=ToolsFlashDeals&cur_warehouse=CN&ID=6301877
Tools,AK45 Stereo Audio Amplifier 2.0 Channel Bluetooth FM Radio USB SD Card Input Bass Treble Control Compact Amplifier,US$26.99,N/A,0,https://www.banggood.com/AK45-Stereo-Audio-Amplifier-2_0-Channel-Bluetooth-FM-Radio-USB-SD-Card-Input-Bass-Treble-Control-Compact-Amplifier-p-2040393.html?rmmds=ToolsFlashDeals&cur_warehouse=CN&ID=47184
Tools,ENJOYWOOD Upgraded Multi-purpose Double Feather Board for Router Table Saws Miter Gauge Slot,US$16.99,N/A,0,https://www.banggood.com/ENJOYWOOD-Upgraded-Multi-purpose-Double-Feather-Board-for-Router-Table-Saws-Miter-Gauge-Slot-p-1520814.html?rmmds=ToolsFlashDeals&cur_warehouse=CN&ID=0
Tools,"X6 140,000RPM High-Speed Turbo Fan 6000mAh Peak Battery Dual-Function Vacuum Kit Infinite Speed Control 6.0V-8.4V Adjustable Current 3-4 Hours Charging",US$18.99,N/A,0,"https://www.banggood.com/X6-140,000RPM-High-Speed-Turbo-Fan-6000mAh-Peak-Battery-Dual-Function-Vacuum-Kit-Infinite-Speed-Control-6_0V-8_4V-Adjustable-Current-3-4-Hours-Charging-p-2024648.html?rmmds=ToolsFlashDeals&cur_warehouse=CN&ID=6329932"
Tools,ENJOYWOOD Aluminum Alloy Track Saw Square Guide Rail Angle Stop Woodworking 90 Degree Right Angle Guide Plate Square Cutting Everytime for Makita / Festool,US$39.99,N/A,0,https://www.banggood.com/ENJOYWOOD-Aluminum-Alloy-Track-Saw-Square-Guide-Rail-Angle-Stop-Woodworking-90-Degree-Right-Angle-Guide-Plate-Square-Cutting-Everytime-for-Makita-or-Festool-p-1937748.html?rmmds=ToolsFlashDeals&cur_warehouse=CN&ID=0
Tools,Wnew 2PCS/4PCS MFT Table Clamps Bench Dog Clamps Quick Ratchet Release Speed Squeeze Woodworking Clamp for Workbench 20mm Dog Hole,US$27.99,N/A,0,https://www.banggood.com/Wnew-2PCS-or-4PCS-MFT-Table-Clamps-Bench-Dog-Clamps-Quick-Ratchet-Release-Speed-Squeeze-Woodworking-Clamp-for-Workbench-20mm-Dog-Hole-p-1454253.html?rmmds=ToolsFlashDeals&cur_warehouse=CN&ID=6317948
Tools,HONGDUI KM-17 Pro Router Plane Die Steel Body Adjustable Fence with CAM Lock Depth Stop Dual Blade 1/2inches width For Fine Tuning Joinery Cutting Grooves Creating Perfect Mortises,US$149.99,N/A,0,https://www.banggood.com/HONGDUI-KM-17-Pro-Router-Plane-Die-Steel-Body-Adjustable-Fence-with-CAM-Lock-Depth-Stop-Dual-Blade-1-or-2inches-width-For-Fine-Tuning-Joinery-Cutting-Grooves-Creating-Perfect-Mortises-p-2003037.html?rmmds=ToolsFlashDeals&cur_warehouse=CN&ID=0
Tools,Woodworking Depth Gauge Versatile 0-50mm Dual Scale Precision Tool for Easy Router and Table Saw Setup,US$9.99,N/A,0,https://www.banggood.com/Woodworking-Depth-Gauge-Versatile-0-50mm-Dual-Scale-Precision-Tool-for-Easy-Router-and-Table-Saw-Setup-p-2011121.html?rmmds=ToolsFlashDeals&cur_warehouse=CN&ID=0
Tools,Universal AC to DC Adapter 48W Adjustable Voltage 3-24V 3A with LCD Display 14 Tips Polarity Converter Best for Household Electronics Top Rated Power Supply,US$9.99,N/A,0,https://www.banggood.com/Universal-AC-to-DC-Adapter-48W-Adjustable-Voltage-3-24V-3A-with-LCD-Display-14-Tips-Polarity-Converter-Best-for-Household-Electronics-Top-Rated-Power-Supply-p-1996667.html?rmmds=ToolsFlashDeals&cur_warehouse=CN&ID=47184
Tools,Xiaomi AtuMan Q2 Portable Flexible Electronic Ruler Precise Measurement up to 99.9 Meters Versatile Surface and Diameter Application Convenient Data Storage and Type-C Charging,US$13.99,N/A,0,https://www.banggood.com/Xiaomi-AtuMan-Q2-Portable-Flexible-Electronic-Ruler-Precise-Measurement-up-to-99_9-Meters-Versatile-Surface-and-Diameter-Application-Convenient-Data-Storage-and-Type-C-Charging-p-2015914.html?rmmds=ToolsFlashDeals&cur_warehouse=CN&ID=6304093
Tools,FNIRSI-1014D 7 Inch TFT LCD Display Screen 2 In 1 Dual Channel Input Storage Oscilloscope Digital Signal Generator,US$133.99,N/A,0,https://www.banggood.com/FNIRSI-1014D-7-Inch-TFT-LCD-Display-Screen-2-In-1-Dual-Channel-Input-Storage-Oscilloscope-Digital-Signal-Generator-p-1864812.html?rmmds=ToolsFlashDeals&cur_warehouse=CN&ID=0
Tools,HONGDUI Fence For HD30-WL02 Fence Dog Woodworking Bench Dog MFT System Bench Dog Only Fencefdfdfd,N/A,N/A,0,https://www.banggood.com/HONGDUI-Fence-For-HD30-WL02-Fence-Dog-Woodworking-Bench-Dog-MFT-System-Bench-Dog-Only-Fence-p-2037106.html?rmmds=ToolsFlashDeals
Tools,HONGDUI 2 In 1 Mini Wood Carbide Insert Scraper Glue Scraper Removal Aluminum Alloy Handle Woodworking Toolfdfdfd,N/A,N/A,0,https://www.banggood.com/HONGDUI-2-In-1-Mini-Wood-Carbide-Insert-Scraper-Glue-Scraper-Removal-Aluminum-Alloy-Handle-Woodworking-Tool-p-1649089.html?rmmds=ToolsFlashDeals
Tools,HONGDUI Aluminum Alloy 1:4 1:6 1:7 1:8 90° Dovetail Saw Guide Magnetic Joinery Cutting Guide Angle Saw Guide Woodworking Toolfdfdfd,N/A,N/A,0,https://www.banggood.com/HONGDUI-Aluminum-Alloy-1-4-1-6-1-7-1-8-90-Dovetail-Saw-Guide-Magnetic-Joinery-Cutting-Guide-Angle-Saw-Guide-Woodworking-Tool-p-1622091.html?rmmds=ToolsFlashDeals
Tools,ENJOYWOOD 2PCS 4/5/6/7/8/9/10mm Drill Bushing Crib Screws Hardware Drill Sleeve Guide Hole Punch Locator Flat Screw Drill Jig Beds Headboards Chairs Furniture Woodworking Toolfdfdfd,N/A,N/A,0,https://www.banggood.com/ENJOYWOOD-2PCS-4-or-5-or-6-or-7-or-8-or-9-or-10mm-Drill-Bushing-Crib-Screws-Hardware-Drill-Sleeve-Guide-Hole-Punch-Locator-Flat-Screw-Drill-Jig-Beds-Headboards-Chairs-Furniture-Woodworking-Tool-p-1886367.html?rmmds=ToolsFlashDeals
Tools,ENJOYWOOD 300-1220mm T-track T-slot Miter Track Jig T Screw Fixture Slot 19x9.5mm For Table Saw Router Table Woodworking Toolfdfdfd,N/A,N/A,0,https://www.banggood.com/ENJOYWOOD-300-1220mm-T-track-T-slot-Miter-Track-Jig-T-Screw-Fixture-Slot-19x9_5mm-For-Table-Saw-Router-Table-Woodworking-Tool-p-1415416.html?rmmds=ToolsFlashDeals
Tools,ENJOYWOOD M8 T-Track Sliding Nut T Slot Nut For Woodworking Tool Slot Fastenerfdfdfd,N/A,N/A,0,https://www.banggood.com/ENJOYWOOD-M8-T-Track-Sliding-Nut-T-Slot-Nut-For-Woodworking-Tool-Slot-Fastener-p-1268174.html?rmmds=ToolsFlashDeals
Tools,FNIRSI HRM-10 Battery Voltage Internal Resistance Tester 18650 High-precision AC Acid Lithium Lead Car Battery Capacitor Testerfdfdfd,N/A,N/A,0,https://www.banggood.com/FNIRSI-HRM-10-Battery-Voltage-Internal-Resistance-Tester-18650-High-precision-AC-Acid-Lithium-Lead-Car-Battery-Capacitor-Tester-p-2015666.html?rmmds=ToolsFlashDeals
Tools,FNIRSI 2D15P Oscilloscope 2CH 100Mhz 500MSa/s Sampling Rate Bandwidth Signal Generator Multimeter High Accuracy Wide Measurement Rangefdfdfd,N/A,N/A,0,https://www.banggood.com/FNIRSI-2D15P-Oscilloscope-2CH-100Mhz-500MSa-or-s-Sampling-Rate-Bandwidth-Signal-Generator-Multimeter-High-Accuracy-Wide-Measurement-Range-p-2042285.html?rmmds=ToolsFlashDeals
Tools,FNIRSI 2C53T Upgrade 3in1 50MHz*2 Dual Channel Bandwidth 250MS Rate Oscilloscope Multimeter Signal Generator 19999 Counts True RMSfdfdfd,N/A,N/A,0,https://www.banggood.com/FNIRSI-2C53T-Upgrade-3in1-50MHz+2-Dual-Channel-Bandwidth-250MS-Rate-Oscilloscope-Multimeter-Signal-Generator-19999-Counts-True-RMS-p-2023913.html?rmmds=ToolsFlashDeals
Tools,Drillpro Z1 120000RPM High Speed 29mm Brushless Motor Turbo Fan with Various Nozzles Rechargeable 5200mAh Battery Compact Design Multi-Gear Adjustable Powerful Wind Toolfdfdfd,N/A,N/A,0,https://www.banggood.com/Drillpro-Z1-120000RPM-High-Speed-29mm-Brushless-Motor-Turbo-Fan-with-Various-Nozzles-Rechargeable-5200mAh-Battery-Compact-Design-Multi-Gear-Adjustable-Powerful-Wind-Tool-p-2043023.html?rmmds=ToolsFlashDeals
Tools,Self Adhesive Metric Ruler Miter Track Tape Measure Steel Miter Saw Scale For T-track Router Table Band Saw Woodworking Toolfdfdfd,N/A,N/A,0,https://www.banggood.com/Self-Adhesive-Metric-Ruler-Miter-Track-Tape-Measure-Steel-Miter-Saw-Scale-For-T-track-Router-Table-Band-Saw-Woodworking-Tool-p-1410646.html?rmmds=ToolsFlashDeals
Tools,"Drillpro G1 Cordless 550g Wind Pressure Turbo Fan 10,000mAh Battery  9 Speed Settings 90,000RPM 40mm Brushless Motor Powerful Handheld Air Blower Multi Nozzlefdfdfd",N/A,N/A,0,"https://www.banggood.com/Drillpro-G1-Cordless-550g-Wind-Pressure-Turbo-Fan-10,000mAh-Battery-9-Speed-Settings-90,000RPM-40mm-Brushless-Motor-Powerful-Handheld-Air-Blower-Multi-Nozzle-p-2038438.html?rmmds=ToolsFlashDeals"
Toys,JIABAILE 4301/02/03/04 RTR 1/43 2.4G 4WD Drift RC Car Mini Race LED Light Optional Gyro Radio Control High-Speed Motor On-Road Racing Vehicle Model Boys Gifts Outdoor Toys,US$23.99,N/A,0,https://www.banggood.com/JIABAILE-4301-or-02-or-03-or-04-RTR-1-or-43-2_4G-4WD-Drift-RC-Car-Mini-Race-LED-Light-Optional-Gyro-Radio-Control-High-Speed-Motor-On-Road-Racing-Vehicle-Model-Boys-Gifts-Outdoor-Toys-p-2017095.html?cur_warehouse=CN&ID=6287830&rmmds=CategoryToysPop&trace_id=70f51763840405207
Toys,MJX HYPER GO 16208 16209 1/16 Brushless High Speed RC Car Vehicle Models 45km/h,US$93.99,N/A,0,https://www.banggood.com/MJX-HYPER-GO-16208-16209-1-or-16-Brushless-High-Speed-RC-Car-Vehicle-Models-45km-or-h-p-1967165.html?cur_warehouse=CN&ID=6326710&rmmds=CategoryToysPop&trace_id=70f51763840405207
Toys,Orlandoo Hunter OH32X02 1/32 RWD Mini Truck RC Car KIT Rear Drive SUV Unassembled DIY Parts Pipe Micro Roll Cage Trophy Movable Off-road Climbing Toys Remote Control Vehicles Models,US$75.59,N/A,0,https://www.banggood.com/Orlandoo-Hunter-OH32X02-1-or-32-RWD-Mini-Truck-RC-Car-KIT-Rear-Drive-SUV-Unassembled-DIY-Parts-Pipe-Micro-Roll-Cage-Trophy-Movable-Off-road-Climbing-Toys-Remote-Control-Vehicles-Models-p-1989380.html?cur_warehouse=CN&ID=6325625&rmmds=CategoryToysPop&trace_id=70f51763840405207
Toys,FLYUEACE 6860 Brushed ESC 60A Waterproof Crawler Speed Controller with BEC RC Vehicles Cars Boats Tanks Models Parts,US$7.29,N/A,0,https://www.banggood.com/FLYUEACE-6860-Brushed-ESC-60A-Waterproof-Crawler-Speed-Controller-with-BEC-RC-Vehicles-Cars-Boats-Tanks-Models-Parts-p-1992348.html?cur_warehouse=CN&ID=6287830&rmmds=CategoryToysPop&trace_id=70f51763840405207
Toys,UDIRC UCX2405 UCX2405 PRO RTR 1/24 2.4G 4WD RC Car Rock Crawler Off-Road Climbing Cage Trail Truck Snow Leopard LED Light Full Proportional Vehicles Models Oil Filled Shocks Toys,US$99.99,N/A,0,https://www.banggood.com/UDIRC-UCX2405-UCX2405-PRO-RTR-1-or-24-2_4G-4WD-RC-Car-Rock-Crawler-Off-Road-Climbing-Cage-Trail-Truck-Snow-Leopard-LED-Light-Full-Proportional-Vehicles-Models-Oil-Filled-Shocks-Toys-p-2026638.html?cur_warehouse=CN&ID=6330472&rmmds=CategoryToysPop&trace_id=70f51763840405207
Toys,100PCS Universal RC Body R-Type Clips Pins for All 1/10 1/12 Scale Redcat HPI Himoto HSP Exceed RC Car Parts Truck Shell Replacement,US$3.24,N/A,0,https://www.banggood.com/100PCS-Universal-RC-Body-R-Type-Clips-Pins-for-All-1-or-10-1-or-12-Scale-Redcat-HPI-Himoto-HSP-Exceed-RC-Car-Parts-Truck-Shell-Replacement-p-1991096.html?cur_warehouse=CN&ID=6287853&rmmds=CategoryToysPop&trace_id=70f51763840405207
Toys,JJRC C8815 RTR 1/10 2.4G 4WD RC Car Willys Military Truck Off-Road Climbing LED Light Optional Winch Canopy Metal Frame Rock Crawler Full Proportional Vehicles Models Toys,US$52.09,N/A,0,https://www.banggood.com/JJRC-C8815-RTR-1-or-10-2_4G-4WD-RC-Car-Willys-Military-Truck-Off-Road-Climbing-LED-Light-Optional-Winch-Canopy-Metal-Frame-Rock-Crawler-Full-Proportional-Vehicles-Models-Toys-p-2022291.html?cur_warehouse=CN&ID=6332687&rmmds=CategoryToysPop&trace_id=70f51763840405207
Toys,ENOZE 8601 8602 RTR 1/24 2.4G 4WD 30km/h Drift RC Car GTR High Speed Racing LED Light On-Road Vehicles Models Toys,US$18.99,N/A,0,https://www.banggood.com/ENOZE-8601-8602-RTR-1-or-24-2_4G-4WD-30km-or-h-Drift-RC-Car-GTR-High-Speed-Racing-LED-Light-On-Road-Vehicles-Models-Toys-p-2020028.html?cur_warehouse=CN&ID=6287830&rmmds=CategoryToysPop&trace_id=70f51763840405207
Toys,Turbo Racing C65 RTR 1/76 2.4G RWD Mini Drift RC Car Built In Gyro Chip Program Metal Counterweights CT04 Chassis Micro Sports Truck LED Lights Full Proportional Vehicles Model Kids Children Toys,US$71.59,N/A,0,https://www.banggood.com/Turbo-Racing-C65-RTR-1-or-76-2_4G-RWD-Mini-Drift-RC-Car-Built-In-Gyro-Chip-Program-Metal-Counterweights-CT04-Chassis-Micro-Sports-Truck-LED-Lights-Full-Proportional-Vehicles-Model-Kids-Children-Toys-p-2013599.html?cur_warehouse=CN&rmmds=CategoryToysPop&trace_id=70f51763840405207
Toys,4pcs Metal Upgraded Oil Shock Absorber For MJX 16207 16208 16209 16210 H6 RC Car Parts,US$11.21,N/A,0,https://www.banggood.com/4pcs-Metal-Upgraded-Oil-Shock-Absorber-For-MJX-16207-16208-16209-16210-H6-RC-Car-Parts-p-2005191.html?cur_warehouse=CN&ID=6287842&rmmds=CategoryToysPop&trace_id=70f51763840405207
Toys,CXD D62 MINI Beetles 1/16 2.4G RWD Drift RC Car W/ Light Vehicle Models Toys Full Proportional Control,US$29.99,N/A,0,https://www.banggood.com/CXD-D62-MINI-Beetles-1-or-16-2_4G-RWD-Drift-RC-Car-W-or-Light-Vehicle-Models-Toys-Full-Proportional-Control-p-2018887.html?cur_warehouse=CN&ID=6322853&rmmds=CategoryToysPop&trace_id=70f51763840405207
Toys,Upgrade Metal C Seat Steering Cup Swing Arm Central Drive Shaft For WLtoys 1/14 144010 144001 144002 RC Car Spare Parts,US$20.45,N/A,0,https://www.banggood.com/Upgrade-Metal-C-Seat-Steering-Cup-Swing-Arm-Central-Drive-Shaft-For-WLtoys-1-or-14-144010-144001-144002-RC-Car-Spare-Parts-p-2015790.html?cur_warehouse=CN&ID=6287842&rmmds=CategoryToysPop&trace_id=70f51763840405207
Toys,Upgraded Metal Tail Wing for Wltoys 124016 124017 124018 124019 144001 1/12 1/14 RC Cars Vehicles Models Spare Parts Accessories,US$9.99,N/A,0,https://www.banggood.com/Upgraded-Metal-Tail-Wing-for-Wltoys-124016-124017-124018-124019-144001-1-or-12-1-or-14-RC-Cars-Vehicles-Models-Spare-Parts-Accessories-p-2023923.html?cur_warehouse=CN&ID=6287842&rmmds=CategoryToysPop&trace_id=70f51763840405207
Toys,ZLL SG116 PRO/MAX 1/16 2.4G 4WD 80km/h Brushed/Brushless RC Car LED Light Off-Road Climbing Truck High Speed Full Proportional Vehicles Model RTR Toys,US$61.89,N/A,0,https://www.banggood.com/ZLL-SG116-PRO-or-MAX-1-or-16-2_4G-4WD-80km-or-h-Brushed-or-Brushless-RC-Car-LED-Light-Off-Road-Climbing-Truck-High-Speed-Full-Proportional-Vehicles-Model-RTR-Toys-p-2004712.html?cur_warehouse=CN&ID=6306787&rmmds=CategoryToysPop&trace_id=70f51763840405207
Toys,Front Bumper for Wltoys 144010 144001 124017 124019 Truck Remote Control Vehicle RC Car Parts,US$7.19,N/A,0,https://www.banggood.com/Front-Bumper-for-Wltoys-144010-144001-124017-124019-Truck-Remote-Control-Vehicle-RC-Car-Parts-p-1999158.html?cur_warehouse=CN&rmmds=CategoryToysPop&trace_id=70f51763840405207
Toys,Wltoys 284161 RTR 1/28 2.4G 4WD RC Car Off-Road Climbing High Speed LED Light Truck Full Proportional Vehicles Models Toys,US$48.09,N/A,0,https://www.banggood.com/Wltoys-284161-RTR-1-or-28-2_4G-4WD-RC-Car-Off-Road-Climbing-High-Speed-LED-Light-Truck-Full-Proportional-Vehicles-Models-Toys-p-1984093.html?cur_warehouse=CN&ID=531930&rmmds=CategoryToysPop&trace_id=70f51763840405207
Toys,MNRC MN82S 1/12 2.4G 4WD For Toyota LC79 RC Car Full Proportional Control Climbing Off-Road Vehicle Models,US$63.90,N/A,0,https://www.banggood.com/MNRC-MN82S-1-or-12-2_4G-4WD-For-Toyota-LC79-RC-Car-Full-Proportional-Control-Climbing-Off-Road-Vehicle-Models-p-2023823.html?cur_warehouse=CN&ID=6322853&rmmds=CategoryToysPop&trace_id=70f51763840405207
Toys,LDARC X43 1/43 2.4G 4WD RC Car Rock Crawler Mini Climbing LED Light Off-Road Vehicles Models Remote Control Racing Toys,US$70.09,N/A,0,https://www.banggood.com/LDARC-X43-1-or-43-2_4G-4WD-RC-Car-Rock-Crawler-Mini-Climbing-LED-Light-Off-Road-Vehicles-Models-Remote-Control-Racing-Toys-p-1998293.html?cur_warehouse=CN&ID=6325537&rmmds=CategoryToysPop&trace_id=70f51763840405207
Toys,MNRC MN82 RTR 1/12 2.4G 4WD RC Car for TOYOTA Land Cruiser LC79 Rock Crawler LED Light Climbing Off-Road Truck Full Proportional Vehicles Models Toys,US$49.59,N/A,0,https://www.banggood.com/MNRC-MN82-RTR-1-or-12-2_4G-4WD-RC-Car-for-TOYOTA-Land-Cruiser-LC79-Rock-Crawler-LED-Light-Climbing-Off-Road-Truck-Full-Proportional-Vehicles-Models-Toys-p-2004388.html?cur_warehouse=CN&ID=6287843&rmmds=CategoryToysPop&trace_id=70f51763840405207
Toys,JJRC C8815 1/10 Willys Military Truck RC Car Parts Winch Canopy Vehicles Models Spare Accessories,US$6.59,N/A,0,https://www.banggood.com/JJRC-C8815-1-or-10-Willys-Military-Truck-RC-Car-Parts-Winch-Canopy-Vehicles-Models-Spare-Accessories-p-2024112.html?cur_warehouse=CN&ID=6329819&rmmds=CategoryToysPop&trace_id=70f51763840405207
Toys,FMS FCX24M RTR 1/24 2.4G 4WD RC Car for Land Rover Camel Trophy Edition Rock Crawler Off-Road Climbing Truck Two Speed LED Lights Vehicles Models Oil Filled Shocks Toys,US$114.09,N/A,0,https://www.banggood.com/FMS-FCX24M-RTR-1-or-24-2_4G-4WD-RC-Car-for-Land-Rover-Camel-Trophy-Edition-Rock-Crawler-Off-Road-Climbing-Truck-Two-Speed-LED-Lights-Vehicles-Models-Oil-Filled-Shocks-Toys-p-2016733.html?cur_warehouse=CN&ID=6327418&rmmds=CategoryToysPop&trace_id=70f51763840405207
Toys,Wltoys 144001 124018 124019 RC Car Upgraded Brushless 3650 4300KV Motor 120A ESC 21G Servo TX RX Combo Set Parts,US$7.09,N/A,0,https://www.banggood.com/Wltoys-144001-124018-124019-RC-Car-Upgraded-Brushless-3650-4300KV-Motor-120A-ESC-21G-Servo-TX-RX-Combo-Set-Parts-p-1845044.html?cur_warehouse=CN&ID=6307343&rmmds=CategoryToysPop&trace_id=70f51763840405207
Toys,HBX 16889A Pro 1/16 2.4G 4WD Brushless High Speed RC Car Vehicle Models Full Propotional Two Three Battery,US$108.99,N/A,0,https://www.banggood.com/HBX-16889A-Pro-1-or-16-2_4G-4WD-Brushless-High-Speed-RC-Car-Vehicle-Models-Full-Propotional-Two-Three-Battery-p-1891731.html?cur_warehouse=CN&ID=531931&rmmds=CategoryToysPop&trace_id=70f51763840405207
Toys,Remo P6973 Rubber RC Car Tires For 1621 1625 1631 1635 1651 1655 Wltoys 144001 124018 124019 SG 1601 HBX 16889 RC Vehicle Models,US$8.57,N/A,0,https://www.banggood.com/Remo-P6973-Rubber-RC-Car-Tires-For-1621-1625-1631-1635-1651-1655-Wltoys-144001-124018-124019-SG-1601-HBX-16889-RC-Vehicle-Models-p-1450519.html?cur_warehouse=CN&rmmds=CategoryToysPop&trace_id=70f51763840405207
Toys,HBX 2996A 1/10 RC Car Parts Body Shell Painted w/ Sticker Vehicles Models Spare Accessories B001,US$15.99,N/A,0,https://www.banggood.com/HBX-2996A-1-or-10-RC-Car-Parts-Body-Shell-Painted-w-or-Sticker-Vehicles-Models-Spare-Accessories-B001-p-1993803.html?cur_warehouse=CN&rmmds=CategoryToysPop&trace_id=70f51763840405207
Toys,ZD Racing MT16 1/16 RC Car Parts Front Rear Hinge Pin Holder Lower suspension Pins Set Vehicles Models Spare Accessories 16015 16029,US$9.99,N/A,0,https://www.banggood.com/ZD-Racing-MT16-1-or-16-RC-Car-Parts-Front-Rear-Hinge-Pin-Holder-Lower-suspension-Pins-Set-Vehicles-Models-Spare-Accessories-16015-16029-p-2025693.html?cur_warehouse=CN&ID=6304208&rmmds=CategoryToysPop&trace_id=70f51763840405207
Toys,JJRC R28 2.4G Smart Talking RC Robot Puppy Voice Dialogue Interaction Cute Pet For Childrens Early Education Toys,US$21.99,N/A,0,https://www.banggood.com/JJRC-R28-2_4G-Smart-Talking-RC-Robot-Puppy-Voice-Dialogue-Interaction-Cute-Pet-For-Childrens-Early-Education-Toys-p-2020243.html?cur_warehouse=CN&ID=6287845&rmmds=CategoryToysPop&trace_id=70f51763840405207
Toys,YD001 RTR 1/50 2.4G RC Car Forklift Truck Simulation Crane Loader Remote Controlled Full Direction Engineering Vehicle Desktop Toys Model Collection Gift For Boys,US$25.99,N/A,0,https://www.banggood.com/YD001-RTR-1-or-50-2_4G-RC-Car-Forklift-Truck-Simulation-Crane-Loader-Remote-Controlled-Full-Direction-Engineering-Vehicle-Desktop-Toys-Model-Collection-Gift-For-Boys-p-2039998.html?cur_warehouse=CN&ID=531930&rmmds=CategoryToysPop&trace_id=70f51763840405207
Toys,COOLBANK M5A1 Remote Control Transmitter RC Car Tank Spare Parts,US$32.99,N/A,0,https://www.banggood.com/COOLBANK-M5A1-Remote-Control-Transmitter-RC-Car-Tank-Spare-Parts-p-2015993.html?cur_warehouse=CN&rmmds=CategoryToysPop&trace_id=70f51763840405207
Toys,Enjoyable Rotating Ball Toy Early Learning Montessori Baby Toy Press Balls Spinner Color recognition Attention Training,US$25.99,N/A,0,https://www.banggood.com/Enjoyable-Rotating-Ball-Toy-Early-Learning-Montessori-Baby-Toy-Press-Balls-Spinner-Color-recognition-Attention-Training-p-2043994.html?cur_warehouse=CN&ID=45586&rmmds=CategoryToysPop&trace_id=70f51763840405207
Automobiles,CURREN Men Sport Watch Leather Strap Quartz Watch 30M Waterproof Male Wrist Watch Multi-function Chronograph Watch,US$19.99,N/A,0,https://www.banggood.com/CURREN-Men-Sport-Watch-Leather-Strap-Quartz-Watch-30M-Waterproof-Male-Wrist-Watch-Multi-function-Chronograph-Watch-p-2023268.html?cur_warehouse=CN&ID=6287835&rmmds=CategoryJewelryPop&trace_id=f6501763840435134
Automobiles,CURREN Chronograph Men Watch Casual Sports Fashion Calendar Analog Genuine Leather Wrist Watch,US$19.99,N/A,0,https://www.banggood.com/CURREN-Chronograph-Men-Watch-Casual-Sports-Fashion-Calendar-Analog-Genuine-Leather-Wrist-Watch-p-2023267.html?cur_warehouse=CN&ID=6287832&rmmds=CategoryJewelryPop&trace_id=f6501763840435134
Automobiles,[World Premiere]Zeblaze Stratos 2 Ultra 1.43 HD AMOLED GPS 10 ATM Waterproof Barometric Altimeter Compass 60 days Battery Life GPS Dual-band GNSS 6 Satellite Positioning System Health Management Ultimate Outdoor Smart Watch,US$49.99,N/A,0,https://www.banggood.com/World-PremiereZeblaze-Stratos-2-Ultra-1_43-HD-AMOLED-GPS-10-ATM-Waterproof-Barometric-Altimeter-Compass-60-days-Battery-Life-GPS-Dual-band-GNSS-6-Satellite-Positioning-System-Health-Management-Ultimate-Outdoor-Smart-Watch-p-2020824.html?cur_warehouse=CN&ID=6287853&rmmds=CategoryJewelryPop&trace_id=f6501763840435134
Automobiles,ET585 2.04inch AMOLED Display PPG+ECG Micro-physical Examination Function HRV Detection Heart Rate Blood Pressure Blood Oxygen Monitor Sleep Monitoring Blood Sugar Blood Component BMI Measurement Meto NFC Music Playback Waterproof Smart Watch,US$29.99,N/A,0,https://www.banggood.com/ET585-2_04inch-AMOLED-Display-PPG+ECG-Micro-physical-Examination-Function-HRV-Detection-Heart-Rate-Blood-Pressure-Blood-Oxygen-Monitor-Sleep-Monitoring-Blood-Sugar-Blood-Component-BMI-Measurement-Meto-NFC-Music-Playback-Waterproof-Smart-Watch-p-2018697.html?cur_warehouse=CN&ID=6287842&rmmds=CategoryJewelryPop&trace_id=f6501763840435134
Automobiles,Zeblaze Stratos 2 Plus 1.43 inch AMOLED GPS Health and Fitness Barometric Altimeter Compass 3 ATM Waterproof Smart Watch,US$39.99,N/A,0,https://www.banggood.com/Zeblaze-Stratos-2-Plus-1_43-inch-AMOLED-GPS-Health-and-Fitness-Barometric-Altimeter-Compass-3-ATM-Waterproof-Smart-Watch-p-2025436.html?cur_warehouse=CN&ID=6287830&rmmds=CategoryJewelryPop&trace_id=f6501763840435134
Automobiles,[World Premiere]Zeblaze Lily 2 1.2inch AMOLED Double Straps bluetooth Call Heart Rate Blood Pressure Blood Oxygen Monitor Sleep Monitoring Breathe Training Womens Health Multi-sport Modes IP68 Waterproof Smart Watch,US$33.99,N/A,0,https://www.banggood.com/World-PremiereZeblaze-Lily-2-1_2inch-AMOLED-Double-Straps-bluetooth-Call-Heart-Rate-Blood-Pressure-Blood-Oxygen-Monitor-Sleep-Monitoring-Breathe-Training-Womens-Health-Multi-sport-Modes-IP68-Waterproof-Smart-Watch-p-2027349.html?cur_warehouse=CN&ID=6287840&rmmds=CategoryJewelryPop&trace_id=f6501763840435134
Automobiles,"3 PCS Watch Repair Tool Set Watch Wrench Back Remover Tool Adjustable Opener Back Case Remover Watch Case Back Opener Set Repair Remover Holder Base, Tweezers",US$8.29,N/A,0,"https://www.banggood.com/3-PCS-Watch-Repair-Tool-Set-Watch-Wrench-Back-Remover-Tool-Adjustable-Opener-Back-Case-Remover-Watch-Case-Back-Opener-Set-Repair-Remover-Holder-Base,Tweezers-p-2024898.html?cur_warehouse=CN&ID=6294753&rmmds=CategoryJewelryPop&trace_id=f6501763840435134"
Automobiles,Original Zeblaze 22mm Silicone Replacement Strap for Zeblaze Smart Watch 22mm Width,US$10.99,N/A,0,https://www.banggood.com/Original-Zeblaze-22mm-Silicone-Replacement-Strap-for-Zeblaze-Smart-Watch-22mm-Width-p-1994448.html?cur_warehouse=CN&ID=6287844&rmmds=CategoryJewelryPop&trace_id=f6501763840435134
Automobiles,"CURREN Business Men Watch Steel Band Multifunctional Chronograph Wristwatch Waterproof Round Watch, Ideal choice for Gifts",US$22.99,N/A,0,"https://www.banggood.com/CURREN-Business-Men-Watch-Steel-Band-Multifunctional-Chronograph-Wristwatch-Waterproof-Round-Watch,Ideal-choice-for-Gifts-p-2023596.html?cur_warehouse=CN&ID=6288936&rmmds=CategoryJewelryPop&trace_id=f6501763840435134"
Automobiles,"11pcs Watch Link Removal Tool Kit Watch Band Tool Chain Pin Remover Repair Tool Kit for Watch Band Adjustment Watch, Watch Bracelet Sizing And Watch Repair",US$7.29,N/A,0,"https://www.banggood.com/11pcs-Watch-Link-Removal-Tool-Kit-Watch-Band-Tool-Chain-Pin-Remover-Repair-Tool-Kit-for-Watch-Band-Adjustment-Watch,Watch-Bracelet-Sizing-And-Watch-Repair-p-2025013.html?cur_warehouse=CN&ID=6287830&rmmds=CategoryJewelryPop&trace_id=f6501763840435134"
Automobiles,"CRRJU Watches Men Simple Dial Bright Needle Wristwatch Waterproof Male Round Fashion Quartz Watch with a Box, Ideal Choice for Gifts",US$14.99,N/A,0,"https://www.banggood.com/CRRJU-Watches-Men-Simple-Dial-Bright-Needle-Wristwatch-Waterproof-Male-Round-Fashion-Quartz-Watch-with-a-Box,Ideal-Choice-for-Gifts-p-2021753.html?cur_warehouse=CN&ID=6287832&rmmds=CategoryJewelryPop&trace_id=f6501763840435134"
Automobiles,22mm Quick Release Steel Mesh Belt Replacement Strap for Zeblaze Smart Watch,US$5.49,N/A,0,https://www.banggood.com/22mm-Quick-Release-Steel-Mesh-Belt-Replacement-Strap-for-Zeblaze-Smart-Watch-p-2004983.html?cur_warehouse=CN&ID=6287830&rmmds=CategoryJewelryPop&trace_id=f6501763840435134
Automobiles,CRRJU Luxury Mens Business Watches Fashion Stainless Steel Quartz Watches Auto Date Luminous Steel Bracelet Wristwatch,US$16.29,N/A,0,https://www.banggood.com/CRRJU-Luxury-Mens-Business-Watches-Fashion-Stainless-Steel-Quartz-Watches-Auto-Date-Luminous-Steel-Bracelet-Wristwatch-p-2023169.html?cur_warehouse=CN&ID=6316362&rmmds=CategoryJewelryPop&trace_id=f6501763840435134
Automobiles,22mm Multi-color Hand-sewn Retro Cow Leather Smart Watch Band Replacement Strap,US$9.99,N/A,0,https://www.banggood.com/22mm-Multi-color-Hand-sewn-Retro-Cow-Leather-Smart-Watch-Band-Replacement-Strap-p-2010132.html?cur_warehouse=CN&ID=6326037&rmmds=CategoryJewelryPop&trace_id=f6501763840435134
Automobiles,BlitzWolf® BW-AT5 1.43 inch AMOLED 466*466 pixel Altitude Barometer Compass Full Touch Plus 5 Buttons Health Monitoring bluetooth Call Outdoor Sports Smart Watch,US$29.99,N/A,0,https://www.banggood.com/BlitzWolf-BW-AT5-1_43-inch-AMOLED-466+466-pixel-Altitude-Barometer-Compass-Full-Touch-Plus-5-Buttons-Health-Monitoring-bluetooth-Call-Outdoor-Sports-Smart-Watch-p-2017249.html?cur_warehouse=CN&ID=6287830&rmmds=CategoryJewelryPop&trace_id=f6501763840435134
Automobiles,LIGE Mens Sport Watches Big Dial Chronograph Watches Multifunctional Business Casual Quartz Watch Mens Waterproof Chronograph Wristwatches,US$35.99,N/A,0,https://www.banggood.com/LIGE-Mens-Sport-Watches-Big-Dial-Chronograph-Watches-Multifunctional-Business-Casual-Quartz-Watch-Mens-Waterproof-Chronograph-Wristwatches-p-2025015.html?cur_warehouse=CN&ID=6326832&rmmds=CategoryJewelryPop&trace_id=f6501763840435134
Automobiles,NAVIFORCE Men Multifunctional Quartz Watch Fashion Genuine Leather Strap Sports Watch Exquisite Waterproof Wristwatches for Mens Gift,US$27.29,N/A,0,https://www.banggood.com/NAVIFORCE-Men-Multifunctional-Quartz-Watch-Fashion-Genuine-Leather-Strap-Sports-Watch-Exquisite-Waterproof-Wristwatches-for-Mens-Gift-p-2024880.html?cur_warehouse=CN&ID=6287830&rmmds=CategoryJewelryPop&trace_id=f6501763840435134
Automobiles,LOKMAT G0041 22mm Multi-color Silicone Replacement Strap for LOKMAT Smart Watch 22mm Width,US$9.99,N/A,0,https://www.banggood.com/LOKMAT-G0041-22mm-Multi-color-Silicone-Replacement-Strap-for-LOKMAT-Smart-Watch-22mm-Width-p-1998280.html?cur_warehouse=CN&ID=6287830&rmmds=CategoryJewelryPop&trace_id=f6501763840435134
Automobiles,[2024 World Premiere]New Zeblaze Btalk 3 Plus 1.39 inch Large HD Color Display Fitness Tracking HiFi bluetooth Phone Calls Health and Fitness Tracking Smart Watch,US$49.99,N/A,0,https://www.banggood.com/2024-World-PremiereNew-Zeblaze-Btalk-3-Plus-1_39-inch-Large-HD-Color-Display-Fitness-Tracking-HiFi-bluetooth-Phone-Calls-Health-and-Fitness-Tracking-Smart-Watch-p-2013717.html?cur_warehouse=CN&ID=6287830&rmmds=CategoryJewelryPop&trace_id=f6501763840435134
Automobiles,SKMEI Mens Quartz Watch Waterproof Small Dial Date Calendar Simple Fashion Sports Watch for Men Women,US$15.29,N/A,0,https://www.banggood.com/SKMEI-Mens-Quartz-Watch-Waterproof-Small-Dial-Date-Calendar-Simple-Fashion-Sports-Watch-for-Men-Women-p-2023456.html?cur_warehouse=CN&ID=6287830&rmmds=CategoryJewelryPop&trace_id=f6501763840435134
Automobiles,NAVIFORCE Men Casual Sport Watch Calendar Quartz Wrist Watch Waterproof Shock Resistant Men Watches Leather Strap,US$17.49,N/A,0,https://www.banggood.com/NAVIFORCE-Men-Casual-Sport-Watch-Calendar-Quartz-Wrist-Watch-Waterproof-Shock-Resistant-Men-Watches-Leather-Strap-p-2025816.html?cur_warehouse=CN&ID=6287836&rmmds=CategoryJewelryPop&trace_id=f6501763840435134
Automobiles,CRRJU Mens Watches Luxury Fashion Large Dial Watches Stainless Steel Quartz Watch Waterproof Chronograph Business Casual Wristwatch,US$20.99,N/A,0,https://www.banggood.com/CRRJU-Mens-Watches-Luxury-Fashion-Large-Dial-Watches-Stainless-Steel-Quartz-Watch-Waterproof-Chronograph-Business-Casual-Wristwatch-p-2023168.html?cur_warehouse=CN&ID=6326832&rmmds=CategoryJewelryPop&trace_id=f6501763840435134
Automobiles,"CRRJU Men Watches Luxury Business Quartz Watch Fashion Waterproof Wristwatch, Ideal choice for Gifts",US$14.29,N/A,0,"https://www.banggood.com/CRRJU-Men-Watches-Luxury-Business-Quartz-Watch-Fashion-Waterproof-Wristwatch,Ideal-choice-for-Gifts-p-2025011.html?cur_warehouse=CN&ID=6287830&rmmds=CategoryJewelryPop&trace_id=f6501763840435134"
Automobiles,"CRRJU Mens Chronograph Watch, Stainless Steel Strap Men Watch, Fashion Waterproof Black Wristwatch with a Box Male Ideal Choice for Gifts",US$23.99,N/A,0,"https://www.banggood.com/CRRJU-Mens-Chronograph-Watch,Stainless-Steel-Strap-Men-Watch,Fashion-Waterproof-Black-Wristwatch-with-a-Box-Male-Ideal-Choice-for-Gifts-p-2021754.html?cur_warehouse=CN&ID=6316299&rmmds=CategoryJewelryPop&trace_id=f6501763840435134"
Automobiles,SKMEI Mens Sport Digital Watches Fashion Stopwatch Dual Display Watch 3 Time Countdown Wrist Watch,US$17.49,N/A,0,https://www.banggood.com/SKMEI-Mens-Sport-Digital-Watches-Fashion-Stopwatch-Dual-Display-Watch-3-Time-Countdown-Wrist-Watch-p-2023453.html?cur_warehouse=CN&ID=6287830&rmmds=CategoryJewelryPop&trace_id=f6501763840435134
Automobiles,NAVIFORCE Men Sport Watch TPU Strap Simple Dial Quartz Wristwatch Waterproof Watch,US$18.29,N/A,0,https://www.banggood.com/NAVIFORCE-Men-Sport-Watch-TPU-Strap-Simple-Dial-Quartz-Wristwatch-Waterproof-Watch-p-2025814.html?cur_warehouse=CN&ID=6287830&rmmds=CategoryJewelryPop&trace_id=f6501763840435134
Automobiles,DT NO.I DT Watch Ultra 1.5inch HD Screen Built-in 4GB Memory 1000+ Songs ChatGPT/Recorder/NFC/Compass bluetooth Call Heart Rate Blood Oxygen Monitor Sleep Monitoring Multi-sport Modes Music Playback IP68 Waterproof Smart Watch,US$29.99,N/A,0,https://www.banggood.com/DT-NO_I-DT-Watch-Ultra-1_5inch-HD-Screen-Built-in-4GB-Memory-1000+-Songs-ChatGPT-or-Recorder-or-NFC-or-Compass-bluetooth-Call-Heart-Rate-Blood-Oxygen-Monitor-Sleep-Monitoring-Multi-sport-Modes-Music-Playback-IP68-Waterproof-Smart-Watch-p-2021843.html?cur_warehouse=CN&ID=6287830&rmmds=CategoryJewelryPop&trace_id=f6501763840435134
Automobiles,LIGE Mens Luxurious Fashion Quartz Watch Calendar Multifunction Waterproof Watch Chronograph Sport Wristwatch,US$23.29,N/A,0,https://www.banggood.com/LIGE-Mens-Luxurious-Fashion-Quartz-Watch-Calendar-Multifunction-Waterproof-Watch-Chronograph-Sport-Wristwatch-p-2025014.html?cur_warehouse=CN&ID=6326832&rmmds=CategoryJewelryPop&trace_id=f6501763840435134
Automobiles,Weofly Curve 1.43inch AMOLED Display bluetooth Call Heart Rate Blood Pressure Blood Oxygen Monitor Sleep Monitoring Stress Measurement Female Health Multi-sport Modes Music Playback IP68 Waterproof Smart Watch,US$32.99,N/A,0,https://www.banggood.com/Weofly-Curve-1_43inch-AMOLED-Display-bluetooth-Call-Heart-Rate-Blood-Pressure-Blood-Oxygen-Monitor-Sleep-Monitoring-Stress-Measurement-Female-Health-Multi-sport-Modes-Music-Playback-IP68-Waterproof-Smart-Watch-p-2026269.html?cur_warehouse=CN&ID=6287830&rmmds=CategoryJewelryPop&trace_id=f6501763840435134
Automobiles,CURREN Men Leather Strap Sport Watches Six-hand Chronograph Wristwatch Waterproof Watches Multifunctional Quartz Watch,US$21.29,N/A,0,https://www.banggood.com/CURREN-Men-Leather-Strap-Sport-Watches-Six-hand-Chronograph-Wristwatch-Waterproof-Watches-Multifunctional-Quartz-Watch-p-2023266.html?cur_warehouse=CN&ID=6287830&rmmds=CategoryJewelryPop&trace_id=f6501763840435134
